-- MySQL dump 10.13  Distrib 5.6.25-73.1, for osx10.10 (x86_64)
--
-- Host: localhost    Database: ee.upgrade
-- ------------------------------------------------------
-- Server version	5.6.25-73.1

/*!40101 SET @OLD_CHARACTER_SET_CLIENT=@@CHARACTER_SET_CLIENT */;
/*!40101 SET @OLD_CHARACTER_SET_RESULTS=@@CHARACTER_SET_RESULTS */;
/*!40101 SET @OLD_COLLATION_CONNECTION=@@COLLATION_CONNECTION */;
/*!40101 SET NAMES utf8 */;
/*!40103 SET @OLD_TIME_ZONE=@@TIME_ZONE */;
/*!40103 SET TIME_ZONE='+00:00' */;
/*!40014 SET @OLD_UNIQUE_CHECKS=@@UNIQUE_CHECKS, UNIQUE_CHECKS=0 */;
/*!40014 SET @OLD_FOREIGN_KEY_CHECKS=@@FOREIGN_KEY_CHECKS, FOREIGN_KEY_CHECKS=0 */;
/*!40101 SET @OLD_SQL_MODE=@@SQL_MODE, SQL_MODE='NO_AUTO_VALUE_ON_ZERO' */;
/*!40111 SET @OLD_SQL_NOTES=@@SQL_NOTES, SQL_NOTES=0 */;

--
-- Table structure for table `exp_accessories`
--

DROP TABLE IF EXISTS `exp_accessories`;
/*!40101 SET @saved_cs_client     = @@character_set_client */;
/*!40101 SET character_set_client = utf8 */;
CREATE TABLE `exp_accessories` (
  `accessory_id` int(10) unsigned NOT NULL AUTO_INCREMENT,
  `class` varchar(75) NOT NULL DEFAULT '',
  `member_groups` varchar(255) NOT NULL DEFAULT 'all',
  `controllers` text,
  `accessory_version` varchar(12) NOT NULL,
  PRIMARY KEY (`accessory_id`)
) ENGINE=MyISAM AUTO_INCREMENT=2 DEFAULT CHARSET=utf8;
/*!40101 SET character_set_client = @saved_cs_client */;

--
-- Dumping data for table `exp_accessories`
--

LOCK TABLES `exp_accessories` WRITE;
/*!40000 ALTER TABLE `exp_accessories` DISABLE KEYS */;
INSERT INTO `exp_accessories` VALUES (1,'Expressionengine_info_acc','1|5','addons|addons_accessories|addons_extensions|addons_fieldtypes|addons_modules|addons_plugins|admin_content|admin_system|content|content_edit|content_files|content_files_modal|content_publish|design|homepage|members|myaccount|sites|tools|tools_communicate|tools_data|tools_logs|tools_utilities','1.0');
/*!40000 ALTER TABLE `exp_accessories` ENABLE KEYS */;
UNLOCK TABLES;

--
-- Table structure for table `exp_actions`
--

DROP TABLE IF EXISTS `exp_actions`;
/*!40101 SET @saved_cs_client     = @@character_set_client */;
/*!40101 SET character_set_client = utf8 */;
CREATE TABLE `exp_actions` (
  `action_id` int(4) unsigned NOT NULL AUTO_INCREMENT,
  `class` varchar(50) NOT NULL,
  `method` varchar(50) NOT NULL,
  `csrf_exempt` tinyint(1) unsigned NOT NULL DEFAULT '0',
  PRIMARY KEY (`action_id`)
) ENGINE=MyISAM AUTO_INCREMENT=26 DEFAULT CHARSET=utf8;
/*!40101 SET character_set_client = @saved_cs_client */;

--
-- Dumping data for table `exp_actions`
--

LOCK TABLES `exp_actions` WRITE;
/*!40000 ALTER TABLE `exp_actions` DISABLE KEYS */;
INSERT INTO `exp_actions` VALUES (1,'Channel','submit_entry',0),(2,'Channel','filemanager_endpoint',0),(3,'Channel','smiley_pop',0),(4,'Channel','combo_loader',0),(5,'Member','registration_form',0),(6,'Member','register_member',0),(7,'Member','activate_member',0),(8,'Member','member_login',0),(9,'Member','member_logout',0),(10,'Member','send_reset_token',0),(11,'Member','process_reset_password',0),(12,'Member','send_member_email',0),(13,'Member','update_un_pw',0),(14,'Member','member_search',0),(15,'Member','member_delete',0),(16,'Rte','get_js',0),(17,'Email','send_email',0),(18,'Comment','insert_new_comment',0),(19,'Comment_mcp','delete_comment_notification',0),(20,'Comment','comment_subscribe',0),(21,'Comment','edit_comment',0),(22,'Search','do_search',1),(23,'Mailinglist','insert_new_email',0),(24,'Mailinglist','authorize_email',0),(25,'Mailinglist','unsubscribe',0);
/*!40000 ALTER TABLE `exp_actions` ENABLE KEYS */;
UNLOCK TABLES;

--
-- Table structure for table `exp_captcha`
--

DROP TABLE IF EXISTS `exp_captcha`;
/*!40101 SET @saved_cs_client     = @@character_set_client */;
/*!40101 SET character_set_client = utf8 */;
CREATE TABLE `exp_captcha` (
  `captcha_id` bigint(13) unsigned NOT NULL AUTO_INCREMENT,
  `date` int(10) unsigned NOT NULL,
  `ip_address` varchar(45) NOT NULL DEFAULT '0',
  `word` varchar(20) NOT NULL,
  PRIMARY KEY (`captcha_id`),
  KEY `word` (`word`)
) ENGINE=MyISAM DEFAULT CHARSET=utf8;
/*!40101 SET character_set_client = @saved_cs_client */;

--
-- Dumping data for table `exp_captcha`
--

LOCK TABLES `exp_captcha` WRITE;
/*!40000 ALTER TABLE `exp_captcha` DISABLE KEYS */;
/*!40000 ALTER TABLE `exp_captcha` ENABLE KEYS */;
UNLOCK TABLES;

--
-- Table structure for table `exp_categories`
--

DROP TABLE IF EXISTS `exp_categories`;
/*!40101 SET @saved_cs_client     = @@character_set_client */;
/*!40101 SET character_set_client = utf8 */;
CREATE TABLE `exp_categories` (
  `cat_id` int(10) unsigned NOT NULL AUTO_INCREMENT,
  `site_id` int(4) unsigned NOT NULL DEFAULT '1',
  `group_id` int(6) unsigned NOT NULL,
  `parent_id` int(4) unsigned NOT NULL,
  `cat_name` varchar(100) NOT NULL,
  `cat_url_title` varchar(75) NOT NULL,
  `cat_description` text,
  `cat_image` varchar(120) DEFAULT NULL,
  `cat_order` int(4) unsigned NOT NULL,
  PRIMARY KEY (`cat_id`),
  KEY `group_id` (`group_id`),
  KEY `cat_name` (`cat_name`),
  KEY `site_id` (`site_id`)
) ENGINE=MyISAM AUTO_INCREMENT=5 DEFAULT CHARSET=utf8;
/*!40101 SET character_set_client = @saved_cs_client */;

--
-- Dumping data for table `exp_categories`
--

LOCK TABLES `exp_categories` WRITE;
/*!40000 ALTER TABLE `exp_categories` DISABLE KEYS */;
INSERT INTO `exp_categories` VALUES (1,1,1,0,'News','news','','',2),(2,1,1,0,'Bands','bands','','',3),(3,1,2,0,'Staff Bios','staff_bios','','',2),(4,1,2,0,'Site Info','site_info','','',1);
/*!40000 ALTER TABLE `exp_categories` ENABLE KEYS */;
UNLOCK TABLES;

--
-- Table structure for table `exp_category_field_data`
--

DROP TABLE IF EXISTS `exp_category_field_data`;
/*!40101 SET @saved_cs_client     = @@character_set_client */;
/*!40101 SET character_set_client = utf8 */;
CREATE TABLE `exp_category_field_data` (
  `cat_id` int(4) unsigned NOT NULL,
  `site_id` int(4) unsigned NOT NULL DEFAULT '1',
  `group_id` int(4) unsigned NOT NULL,
  PRIMARY KEY (`cat_id`),
  KEY `site_id` (`site_id`),
  KEY `group_id` (`group_id`)
) ENGINE=MyISAM DEFAULT CHARSET=utf8;
/*!40101 SET character_set_client = @saved_cs_client */;

--
-- Dumping data for table `exp_category_field_data`
--

LOCK TABLES `exp_category_field_data` WRITE;
/*!40000 ALTER TABLE `exp_category_field_data` DISABLE KEYS */;
INSERT INTO `exp_category_field_data` VALUES (1,1,1),(2,1,1),(3,1,2),(4,1,2);
/*!40000 ALTER TABLE `exp_category_field_data` ENABLE KEYS */;
UNLOCK TABLES;

--
-- Table structure for table `exp_category_fields`
--

DROP TABLE IF EXISTS `exp_category_fields`;
/*!40101 SET @saved_cs_client     = @@character_set_client */;
/*!40101 SET character_set_client = utf8 */;
CREATE TABLE `exp_category_fields` (
  `field_id` int(6) unsigned NOT NULL AUTO_INCREMENT,
  `site_id` int(4) unsigned NOT NULL DEFAULT '1',
  `group_id` int(4) unsigned NOT NULL,
  `field_name` varchar(32) NOT NULL DEFAULT '',
  `field_label` varchar(50) NOT NULL DEFAULT '',
  `field_type` varchar(12) NOT NULL DEFAULT 'text',
  `field_list_items` text NOT NULL,
  `field_maxl` smallint(3) NOT NULL DEFAULT '128',
  `field_ta_rows` tinyint(2) NOT NULL DEFAULT '8',
  `field_default_fmt` varchar(40) NOT NULL DEFAULT 'none',
  `field_show_fmt` char(1) NOT NULL DEFAULT 'y',
  `field_text_direction` char(3) NOT NULL DEFAULT 'ltr',
  `field_required` char(1) NOT NULL DEFAULT 'n',
  `field_order` int(3) unsigned NOT NULL,
  PRIMARY KEY (`field_id`),
  KEY `site_id` (`site_id`),
  KEY `group_id` (`group_id`)
) ENGINE=MyISAM DEFAULT CHARSET=utf8;
/*!40101 SET character_set_client = @saved_cs_client */;

--
-- Dumping data for table `exp_category_fields`
--

LOCK TABLES `exp_category_fields` WRITE;
/*!40000 ALTER TABLE `exp_category_fields` DISABLE KEYS */;
/*!40000 ALTER TABLE `exp_category_fields` ENABLE KEYS */;
UNLOCK TABLES;

--
-- Table structure for table `exp_category_groups`
--

DROP TABLE IF EXISTS `exp_category_groups`;
/*!40101 SET @saved_cs_client     = @@character_set_client */;
/*!40101 SET character_set_client = utf8 */;
CREATE TABLE `exp_category_groups` (
  `group_id` int(6) unsigned NOT NULL AUTO_INCREMENT,
  `site_id` int(4) unsigned NOT NULL DEFAULT '1',
  `group_name` varchar(50) NOT NULL,
  `sort_order` char(1) NOT NULL DEFAULT 'a',
  `exclude_group` tinyint(1) unsigned NOT NULL DEFAULT '0',
  `field_html_formatting` char(4) NOT NULL DEFAULT 'all',
  `can_edit_categories` text,
  `can_delete_categories` text,
  PRIMARY KEY (`group_id`),
  KEY `site_id` (`site_id`)
) ENGINE=MyISAM AUTO_INCREMENT=3 DEFAULT CHARSET=utf8;
/*!40101 SET character_set_client = @saved_cs_client */;

--
-- Dumping data for table `exp_category_groups`
--

LOCK TABLES `exp_category_groups` WRITE;
/*!40000 ALTER TABLE `exp_category_groups` DISABLE KEYS */;
INSERT INTO `exp_category_groups` VALUES (1,1,'News Categories','a',0,'all','',''),(2,1,'About','a',0,'all','','');
/*!40000 ALTER TABLE `exp_category_groups` ENABLE KEYS */;
UNLOCK TABLES;

--
-- Table structure for table `exp_category_posts`
--

DROP TABLE IF EXISTS `exp_category_posts`;
/*!40101 SET @saved_cs_client     = @@character_set_client */;
/*!40101 SET character_set_client = utf8 */;
CREATE TABLE `exp_category_posts` (
  `entry_id` int(10) unsigned NOT NULL,
  `cat_id` int(10) unsigned NOT NULL,
  PRIMARY KEY (`entry_id`,`cat_id`)
) ENGINE=MyISAM DEFAULT CHARSET=utf8;
/*!40101 SET character_set_client = @saved_cs_client */;

--
-- Dumping data for table `exp_category_posts`
--

LOCK TABLES `exp_category_posts` WRITE;
/*!40000 ALTER TABLE `exp_category_posts` DISABLE KEYS */;
INSERT INTO `exp_category_posts` VALUES (1,1),(2,1),(3,4),(4,3),(5,3),(6,3),(7,3),(8,3),(9,3),(10,2);
/*!40000 ALTER TABLE `exp_category_posts` ENABLE KEYS */;
UNLOCK TABLES;

--
-- Table structure for table `exp_channel_data`
--

DROP TABLE IF EXISTS `exp_channel_data`;
/*!40101 SET @saved_cs_client     = @@character_set_client */;
/*!40101 SET character_set_client = utf8 */;
CREATE TABLE `exp_channel_data` (
  `entry_id` int(10) unsigned NOT NULL,
  `site_id` int(4) unsigned NOT NULL DEFAULT '1',
  `channel_id` int(4) unsigned NOT NULL,
  `field_id_1` text,
  `field_ft_1` tinytext,
  `field_id_2` text,
  `field_ft_2` tinytext,
  `field_id_3` text,
  `field_ft_3` tinytext,
  `field_id_4` text,
  `field_ft_4` tinytext,
  `field_id_5` text,
  `field_ft_5` tinytext,
  `field_id_6` text,
  `field_ft_6` tinytext,
  `field_id_7` text,
  `field_ft_7` tinytext,
  PRIMARY KEY (`entry_id`),
  KEY `channel_id` (`channel_id`),
  KEY `site_id` (`site_id`)
) ENGINE=MyISAM DEFAULT CHARSET=utf8;
/*!40101 SET character_set_client = @saved_cs_client */;

--
-- Dumping data for table `exp_channel_data`
--

LOCK TABLES `exp_channel_data` WRITE;
/*!40000 ALTER TABLE `exp_channel_data` DISABLE KEYS */;
INSERT INTO `exp_channel_data` VALUES (1,1,1,'Thank you for choosing ExpressionEngine! This entry contains helpful resources to help you <a href=\"https://docs.expressionengine.com/latest/intro/getting_the_most.html\">get the most from ExpressionEngine</a> and the ExpressionEngine Community.\n\n<strong>Learning resources:</strong>\n\n<a href=\"https://docs.expressionengine.com/latest/\">ExpressionEngine User Guide</a>\n<a href=\"https://docs.expressionengine.com/latest/intro/the_big_picture.html\">The Big Picture</a>\n<a href=\"https://expressionengine.com/support\">ExpressionEngine Support</a>\n\nIf you need to hire a web developer consider our <a href=\"https://expressionengine.com/pro-network/\">Professionals Network</a>.\n\nWelcome to our community,\n\n<span style=\"font-size:16px;\">The ExpressionEngine Team</span>','xhtml','','xhtml','{filedir_2}ee_banner_120_240.gif','none','','xhtml','','none','','none','','xhtml'),(2,1,1,'Welcome to Agile Records, our Example Site.  Here you will be able to learn ExpressionEngine through a real site, with real features and in-depth comments to assist you along the way.\n\n','xhtml','','xhtml','{filedir_2}map.jpg','none','','xhtml','','none','','none','','xhtml'),(3,1,2,'',NULL,'',NULL,'',NULL,'Lorem ipsum dolor sit amet, consectetuer adipiscing elit. Duis congue accumsan tellus. Aliquam diam arcu, suscipit eu, condimentum sed, ultricies accumsan, massa.\n','xhtml','{filedir_2}map2.jpg','none','','none','Donec et ante. Lorem ipsum dolor sit amet, consectetuer adipiscing elit. Vestibulum dignissim dolor nec erat dictum posuere. Vivamus lacinia, quam id fringilla dapibus, ante ante bibendum nulla, a ornare nisl est congue purus. Duis pulvinar vehicula diam.\n\nSed vehicula. Praesent vitae nisi. Phasellus molestie, massa sed varius ultricies, dolor lectus interdum felis, ut porta eros nibh at magna. Cras aliquam vulputate lacus. Nullam tempus vehicula mi. Quisque posuere, erat quis iaculis consequat, tortor ipsum varius mauris, sit amet pulvinar nibh mauris sed lectus. Cras vitae arcu sit amet nunc luctus molestie. Nam neque orci, tincidunt non, semper convallis, sodales fringilla, nulla. Donec non nunc. Sed condimentum urna hendrerit erat. Curabitur in felis in neque fermentum interdum.\n\nProin magna. In in orci. Curabitur at lectus nec arcu vehicula bibendum. Duis euismod sollicitudin augue. Maecenas auctor cursus odio.\n','xhtml'),(4,1,2,'',NULL,'',NULL,'',NULL,'','xhtml','{filedir_2}staff_randell.png','none','Co-Owner/Label Manager','none','','xhtml'),(5,1,2,'',NULL,'',NULL,'',NULL,'','xhtml','{filedir_2}staff_chloe.png','none','Co-Owner / Press &amp; Marketing','none','','xhtml'),(6,1,2,'',NULL,'',NULL,'',NULL,'','xhtml','{filedir_2}staff_howard.png','none','Tours/Publicity/PR','none','','xhtml'),(7,1,2,'',NULL,'',NULL,'',NULL,'','xhtml','{filedir_2}staff_jane.png','none','Sales/Accounts','none','','xhtml'),(8,1,2,'',NULL,'',NULL,'',NULL,'','xhtml','{filedir_2}staff_josh.png','none','Product Manager','none','','xhtml'),(9,1,2,'',NULL,'',NULL,'',NULL,'','xhtml','{filedir_2}staff_jason.png','none','Graphic/Web Designer','none','','xhtml'),(10,1,1,'Lorem ipsum dolor sit amet, consectetuer adipiscing elit. Proin congue mi a sapien. Duis augue erat, fringilla ac, volutpat ut, venenatis vitae, nisl. Phasellus lorem. Praesent mi. Suspendisse imperdiet felis a libero. uspendisse placerat tortor in ligula vestibulum vehicula.\n','xhtml','','xhtml','{filedir_2}testband300.jpg','none','',NULL,'',NULL,'',NULL,'',NULL);
/*!40000 ALTER TABLE `exp_channel_data` ENABLE KEYS */;
UNLOCK TABLES;

--
-- Table structure for table `exp_channel_entries_autosave`
--

DROP TABLE IF EXISTS `exp_channel_entries_autosave`;
/*!40101 SET @saved_cs_client     = @@character_set_client */;
/*!40101 SET character_set_client = utf8 */;
CREATE TABLE `exp_channel_entries_autosave` (
  `entry_id` int(10) unsigned NOT NULL AUTO_INCREMENT,
  `original_entry_id` int(10) unsigned NOT NULL,
  `site_id` int(4) unsigned NOT NULL DEFAULT '1',
  `channel_id` int(4) unsigned NOT NULL,
  `author_id` int(10) unsigned NOT NULL DEFAULT '0',
  `forum_topic_id` int(10) unsigned DEFAULT NULL,
  `ip_address` varchar(45) NOT NULL DEFAULT '0',
  `title` varchar(100) NOT NULL,
  `url_title` varchar(75) NOT NULL,
  `status` varchar(50) NOT NULL,
  `versioning_enabled` char(1) NOT NULL DEFAULT 'n',
  `view_count_one` int(10) unsigned NOT NULL DEFAULT '0',
  `view_count_two` int(10) unsigned NOT NULL DEFAULT '0',
  `view_count_three` int(10) unsigned NOT NULL DEFAULT '0',
  `view_count_four` int(10) unsigned NOT NULL DEFAULT '0',
  `allow_comments` varchar(1) NOT NULL DEFAULT 'y',
  `sticky` varchar(1) NOT NULL DEFAULT 'n',
  `entry_date` int(10) NOT NULL,
  `year` char(4) NOT NULL,
  `month` char(2) NOT NULL,
  `day` char(3) NOT NULL,
  `expiration_date` int(10) NOT NULL DEFAULT '0',
  `comment_expiration_date` int(10) NOT NULL DEFAULT '0',
  `edit_date` bigint(14) DEFAULT NULL,
  `recent_comment_date` int(10) DEFAULT NULL,
  `comment_total` int(4) unsigned NOT NULL DEFAULT '0',
  `entry_data` text,
  PRIMARY KEY (`entry_id`),
  KEY `channel_id` (`channel_id`),
  KEY `author_id` (`author_id`),
  KEY `url_title` (`url_title`),
  KEY `status` (`status`),
  KEY `entry_date` (`entry_date`),
  KEY `expiration_date` (`expiration_date`),
  KEY `site_id` (`site_id`)
) ENGINE=MyISAM DEFAULT CHARSET=utf8;
/*!40101 SET character_set_client = @saved_cs_client */;

--
-- Dumping data for table `exp_channel_entries_autosave`
--

LOCK TABLES `exp_channel_entries_autosave` WRITE;
/*!40000 ALTER TABLE `exp_channel_entries_autosave` DISABLE KEYS */;
/*!40000 ALTER TABLE `exp_channel_entries_autosave` ENABLE KEYS */;
UNLOCK TABLES;

--
-- Table structure for table `exp_channel_fields`
--

DROP TABLE IF EXISTS `exp_channel_fields`;
/*!40101 SET @saved_cs_client     = @@character_set_client */;
/*!40101 SET character_set_client = utf8 */;
CREATE TABLE `exp_channel_fields` (
  `field_id` int(6) unsigned NOT NULL AUTO_INCREMENT,
  `site_id` int(4) unsigned NOT NULL DEFAULT '1',
  `group_id` int(4) unsigned NOT NULL,
  `field_name` varchar(32) NOT NULL,
  `field_label` varchar(50) NOT NULL,
  `field_instructions` text,
  `field_type` varchar(50) NOT NULL DEFAULT 'text',
  `field_list_items` text NOT NULL,
  `field_pre_populate` char(1) NOT NULL DEFAULT 'n',
  `field_pre_channel_id` int(6) unsigned DEFAULT NULL,
  `field_pre_field_id` int(6) unsigned DEFAULT NULL,
  `field_ta_rows` tinyint(2) DEFAULT '8',
  `field_maxl` smallint(3) DEFAULT NULL,
  `field_required` char(1) NOT NULL DEFAULT 'n',
  `field_text_direction` char(3) NOT NULL DEFAULT 'ltr',
  `field_search` char(1) NOT NULL DEFAULT 'n',
  `field_is_hidden` char(1) NOT NULL DEFAULT 'n',
  `field_fmt` varchar(40) NOT NULL DEFAULT 'xhtml',
  `field_show_fmt` char(1) NOT NULL DEFAULT 'y',
  `field_order` int(3) unsigned NOT NULL,
  `field_content_type` varchar(20) NOT NULL DEFAULT 'any',
  `field_settings` text,
  PRIMARY KEY (`field_id`),
  KEY `group_id` (`group_id`),
  KEY `field_type` (`field_type`),
  KEY `site_id` (`site_id`)
) ENGINE=MyISAM AUTO_INCREMENT=8 DEFAULT CHARSET=utf8;
/*!40101 SET character_set_client = @saved_cs_client */;

--
-- Dumping data for table `exp_channel_fields`
--

LOCK TABLES `exp_channel_fields` WRITE;
/*!40000 ALTER TABLE `exp_channel_fields` DISABLE KEYS */;
INSERT INTO `exp_channel_fields` VALUES (1,1,1,'news_body','Body','','textarea','','n',0,0,10,0,'n','ltr','y','n','xhtml','y',2,'any','YTo2OntzOjE4OiJmaWVsZF9zaG93X3NtaWxleXMiO3M6MToieSI7czoxOToiZmllbGRfc2hvd19nbG9zc2FyeSI7czoxOiJ5IjtzOjIxOiJmaWVsZF9zaG93X3NwZWxsY2hlY2siO3M6MToieSI7czoyNjoiZmllbGRfc2hvd19mb3JtYXR0aW5nX2J0bnMiO3M6MToieSI7czoyNDoiZmllbGRfc2hvd19maWxlX3NlbGVjdG9yIjtzOjE6InkiO3M6MjA6ImZpZWxkX3Nob3dfd3JpdGVtb2RlIjtzOjE6InkiO30='),(2,1,1,'news_extended','Extended text','','textarea','','n',0,0,12,0,'n','ltr','n','y','xhtml','y',3,'any','YTo2OntzOjE4OiJmaWVsZF9zaG93X3NtaWxleXMiO3M6MToieSI7czoxOToiZmllbGRfc2hvd19nbG9zc2FyeSI7czoxOiJ5IjtzOjIxOiJmaWVsZF9zaG93X3NwZWxsY2hlY2siO3M6MToieSI7czoyNjoiZmllbGRfc2hvd19mb3JtYXR0aW5nX2J0bnMiO3M6MToieSI7czoyNDoiZmllbGRfc2hvd19maWxlX3NlbGVjdG9yIjtzOjE6InkiO3M6MjA6ImZpZWxkX3Nob3dfd3JpdGVtb2RlIjtzOjE6InkiO30='),(3,1,1,'news_image','News Image','','file','','n',0,0,6,128,'n','ltr','n','n','none','n',3,'any','YTo3OntzOjE4OiJmaWVsZF9zaG93X3NtaWxleXMiO3M6MToibiI7czoxOToiZmllbGRfc2hvd19nbG9zc2FyeSI7czoxOiJuIjtzOjIxOiJmaWVsZF9zaG93X3NwZWxsY2hlY2siO3M6MToibiI7czoyNjoiZmllbGRfc2hvd19mb3JtYXR0aW5nX2J0bnMiO3M6MToibiI7czoyNDoiZmllbGRfc2hvd19maWxlX3NlbGVjdG9yIjtzOjE6Im4iO3M6MjA6ImZpZWxkX3Nob3dfd3JpdGVtb2RlIjtzOjE6Im4iO3M6MTg6ImZpZWxkX2NvbnRlbnRfdHlwZSI7czo1OiJpbWFnZSI7fQ=='),(4,1,2,'about_body','Body','','textarea','','n',0,0,6,128,'n','ltr','n','n','xhtml','y',4,'any','YTo2OntzOjE4OiJmaWVsZF9zaG93X3NtaWxleXMiO3M6MToieSI7czoxOToiZmllbGRfc2hvd19nbG9zc2FyeSI7czoxOiJ5IjtzOjIxOiJmaWVsZF9zaG93X3NwZWxsY2hlY2siO3M6MToieSI7czoyNjoiZmllbGRfc2hvd19mb3JtYXR0aW5nX2J0bnMiO3M6MToieSI7czoyNDoiZmllbGRfc2hvd19maWxlX3NlbGVjdG9yIjtzOjE6InkiO3M6MjA6ImZpZWxkX3Nob3dfd3JpdGVtb2RlIjtzOjE6InkiO30='),(5,1,2,'about_image','Image','URL Only','file','','n',0,0,6,128,'n','ltr','n','n','none','n',5,'any','YTo3OntzOjE4OiJmaWVsZF9zaG93X3NtaWxleXMiO3M6MToibiI7czoxOToiZmllbGRfc2hvd19nbG9zc2FyeSI7czoxOiJuIjtzOjIxOiJmaWVsZF9zaG93X3NwZWxsY2hlY2siO3M6MToibiI7czoyNjoiZmllbGRfc2hvd19mb3JtYXR0aW5nX2J0bnMiO3M6MToibiI7czoyNDoiZmllbGRfc2hvd19maWxlX3NlbGVjdG9yIjtzOjE6Im4iO3M6MjA6ImZpZWxkX3Nob3dfd3JpdGVtb2RlIjtzOjE6Im4iO3M6MTg6ImZpZWxkX2NvbnRlbnRfdHlwZSI7czo1OiJpbWFnZSI7fQ=='),(6,1,2,'about_staff_title','Staff Member\'s Title','This is the Title that the staff member has within the company.  Example: CEO','text','','n',0,0,6,128,'n','ltr','y','n','none','n',6,'any','YTo4OntzOjE4OiJmaWVsZF9jb250ZW50X3RleHQiO2I6MDtzOjE4OiJmaWVsZF9zaG93X3NtaWxleXMiO3M6MToibiI7czoxOToiZmllbGRfc2hvd19nbG9zc2FyeSI7czoxOiJuIjtzOjIxOiJmaWVsZF9zaG93X3NwZWxsY2hlY2siO3M6MToibiI7czoyNjoiZmllbGRfc2hvd19mb3JtYXR0aW5nX2J0bnMiO3M6MToibiI7czoyNDoiZmllbGRfc2hvd19maWxlX3NlbGVjdG9yIjtzOjE6Im4iO3M6MjA6ImZpZWxkX3Nob3dfd3JpdGVtb2RlIjtzOjE6Im4iO3M6MTg6ImZpZWxkX2NvbnRlbnRfdHlwZSI7czozOiJhbnkiO30='),(7,1,2,'about_extended','Extended','','textarea','','n',0,0,6,128,'n','ltr','y','y','xhtml','y',7,'any','YTo2OntzOjE4OiJmaWVsZF9zaG93X3NtaWxleXMiO3M6MToieSI7czoxOToiZmllbGRfc2hvd19nbG9zc2FyeSI7czoxOiJ5IjtzOjIxOiJmaWVsZF9zaG93X3NwZWxsY2hlY2siO3M6MToieSI7czoyNjoiZmllbGRfc2hvd19mb3JtYXR0aW5nX2J0bnMiO3M6MToieSI7czoyNDoiZmllbGRfc2hvd19maWxlX3NlbGVjdG9yIjtzOjE6InkiO3M6MjA6ImZpZWxkX3Nob3dfd3JpdGVtb2RlIjtzOjE6InkiO30=');
/*!40000 ALTER TABLE `exp_channel_fields` ENABLE KEYS */;
UNLOCK TABLES;

--
-- Table structure for table `exp_channel_form_settings`
--

DROP TABLE IF EXISTS `exp_channel_form_settings`;
/*!40101 SET @saved_cs_client     = @@character_set_client */;
/*!40101 SET character_set_client = utf8 */;
CREATE TABLE `exp_channel_form_settings` (
  `channel_form_settings_id` int(10) unsigned NOT NULL AUTO_INCREMENT,
  `site_id` int(4) unsigned NOT NULL DEFAULT '0',
  `channel_id` int(6) unsigned NOT NULL DEFAULT '0',
  `default_status` varchar(50) NOT NULL DEFAULT 'open',
  `require_captcha` char(1) NOT NULL DEFAULT 'n',
  `allow_guest_posts` char(1) NOT NULL DEFAULT 'n',
  `default_author` int(11) NOT NULL DEFAULT '0',
  PRIMARY KEY (`channel_form_settings_id`),
  KEY `site_id` (`site_id`),
  KEY `channel_id` (`channel_id`)
) ENGINE=MyISAM DEFAULT CHARSET=utf8;
/*!40101 SET character_set_client = @saved_cs_client */;

--
-- Dumping data for table `exp_channel_form_settings`
--

LOCK TABLES `exp_channel_form_settings` WRITE;
/*!40000 ALTER TABLE `exp_channel_form_settings` DISABLE KEYS */;
/*!40000 ALTER TABLE `exp_channel_form_settings` ENABLE KEYS */;
UNLOCK TABLES;

--
-- Table structure for table `exp_channel_member_groups`
--

DROP TABLE IF EXISTS `exp_channel_member_groups`;
/*!40101 SET @saved_cs_client     = @@character_set_client */;
/*!40101 SET character_set_client = utf8 */;
CREATE TABLE `exp_channel_member_groups` (
  `group_id` smallint(4) unsigned NOT NULL,
  `channel_id` int(6) unsigned NOT NULL,
  PRIMARY KEY (`group_id`,`channel_id`)
) ENGINE=MyISAM DEFAULT CHARSET=utf8;
/*!40101 SET character_set_client = @saved_cs_client */;

--
-- Dumping data for table `exp_channel_member_groups`
--

LOCK TABLES `exp_channel_member_groups` WRITE;
/*!40000 ALTER TABLE `exp_channel_member_groups` DISABLE KEYS */;
/*!40000 ALTER TABLE `exp_channel_member_groups` ENABLE KEYS */;
UNLOCK TABLES;

--
-- Table structure for table `exp_channel_titles`
--

DROP TABLE IF EXISTS `exp_channel_titles`;
/*!40101 SET @saved_cs_client     = @@character_set_client */;
/*!40101 SET character_set_client = utf8 */;
CREATE TABLE `exp_channel_titles` (
  `entry_id` int(10) unsigned NOT NULL AUTO_INCREMENT,
  `site_id` int(4) unsigned NOT NULL DEFAULT '1',
  `channel_id` int(4) unsigned NOT NULL,
  `author_id` int(10) unsigned NOT NULL DEFAULT '0',
  `forum_topic_id` int(10) unsigned DEFAULT NULL,
  `ip_address` varchar(45) NOT NULL DEFAULT '0',
  `title` varchar(100) NOT NULL,
  `url_title` varchar(75) NOT NULL,
  `status` varchar(50) NOT NULL,
  `versioning_enabled` char(1) NOT NULL DEFAULT 'n',
  `view_count_one` int(10) unsigned NOT NULL DEFAULT '0',
  `view_count_two` int(10) unsigned NOT NULL DEFAULT '0',
  `view_count_three` int(10) unsigned NOT NULL DEFAULT '0',
  `view_count_four` int(10) unsigned NOT NULL DEFAULT '0',
  `allow_comments` varchar(1) NOT NULL DEFAULT 'y',
  `sticky` varchar(1) NOT NULL DEFAULT 'n',
  `entry_date` int(10) NOT NULL,
  `year` char(4) NOT NULL,
  `month` char(2) NOT NULL,
  `day` char(3) NOT NULL,
  `expiration_date` int(10) NOT NULL DEFAULT '0',
  `comment_expiration_date` int(10) NOT NULL DEFAULT '0',
  `edit_date` bigint(14) DEFAULT NULL,
  `recent_comment_date` int(10) DEFAULT NULL,
  `comment_total` int(4) unsigned NOT NULL DEFAULT '0',
  PRIMARY KEY (`entry_id`),
  KEY `channel_id` (`channel_id`),
  KEY `author_id` (`author_id`),
  KEY `url_title` (`url_title`),
  KEY `status` (`status`),
  KEY `entry_date` (`entry_date`),
  KEY `expiration_date` (`expiration_date`),
  KEY `site_id` (`site_id`)
) ENGINE=MyISAM AUTO_INCREMENT=11 DEFAULT CHARSET=utf8;
/*!40101 SET character_set_client = @saved_cs_client */;

--
-- Dumping data for table `exp_channel_titles`
--

LOCK TABLES `exp_channel_titles` WRITE;
/*!40000 ALTER TABLE `exp_channel_titles` DISABLE KEYS */;
INSERT INTO `exp_channel_titles` VALUES (1,1,1,1,NULL,'fe80::1','Getting to Know ExpressionEngine','getting_to_know_expressionengine','open','n',0,0,0,0,'y','n',1437064287,'2015','07','16',0,0,20150716123131,NULL,0),(2,1,1,1,NULL,'fe80::1','Welcome to the Example Site!','welcome_to_the_example_site','open','n',0,0,0,0,'y','n',1437064288,'2015','07','16',0,0,20150716123131,NULL,0),(3,1,2,1,NULL,'fe80::1','About the Label','about_the_label','open','n',0,0,0,0,'y','n',1437064288,'2015','07','16',0,0,20150716123131,NULL,0),(4,1,2,1,NULL,'fe80::1','Randell','randell','open','n',0,0,0,0,'y','n',1437064288,'2015','07','16',0,0,20150716123131,NULL,0),(5,1,2,1,NULL,'fe80::1','Chloe','chloe','open','n',0,0,0,0,'y','n',1437064288,'2015','07','16',0,0,20150716123131,NULL,0),(6,1,2,1,NULL,'fe80::1','Howard','howard','open','n',0,0,0,0,'y','n',1437064288,'2015','07','16',0,0,20150716123131,NULL,0),(7,1,2,1,NULL,'fe80::1','Jane','jane','open','n',0,0,0,0,'y','n',1437064288,'2015','07','16',0,0,20150716123131,NULL,0),(8,1,2,1,NULL,'fe80::1','Josh','josh','open','n',0,0,0,0,'y','n',1437064288,'2015','07','16',0,0,20150716123131,NULL,0),(9,1,2,1,NULL,'fe80::1','Jason','jason','open','n',0,0,0,0,'y','n',1437064288,'2015','07','16',0,0,20150716123131,NULL,0),(10,1,1,1,NULL,'fe80::1','Band Title','band_title','Featured','n',0,0,0,0,'y','n',1437064288,'2015','07','16',0,0,20150716123131,NULL,0);
/*!40000 ALTER TABLE `exp_channel_titles` ENABLE KEYS */;
UNLOCK TABLES;

--
-- Table structure for table `exp_channels`
--

DROP TABLE IF EXISTS `exp_channels`;
/*!40101 SET @saved_cs_client     = @@character_set_client */;
/*!40101 SET character_set_client = utf8 */;
CREATE TABLE `exp_channels` (
  `channel_id` int(6) unsigned NOT NULL AUTO_INCREMENT,
  `site_id` int(4) unsigned NOT NULL DEFAULT '1',
  `channel_name` varchar(40) NOT NULL,
  `channel_title` varchar(100) NOT NULL,
  `channel_url` varchar(100) NOT NULL,
  `channel_description` varchar(255) DEFAULT NULL,
  `channel_lang` varchar(12) NOT NULL,
  `total_entries` mediumint(8) NOT NULL DEFAULT '0',
  `total_comments` mediumint(8) NOT NULL DEFAULT '0',
  `last_entry_date` int(10) unsigned NOT NULL DEFAULT '0',
  `last_comment_date` int(10) unsigned NOT NULL DEFAULT '0',
  `cat_group` varchar(255) DEFAULT NULL,
  `status_group` int(4) unsigned DEFAULT NULL,
  `deft_status` varchar(50) NOT NULL DEFAULT 'open',
  `field_group` int(4) unsigned DEFAULT NULL,
  `search_excerpt` int(4) unsigned DEFAULT NULL,
  `deft_category` varchar(60) DEFAULT NULL,
  `deft_comments` char(1) NOT NULL DEFAULT 'y',
  `channel_require_membership` char(1) NOT NULL DEFAULT 'y',
  `channel_max_chars` int(5) unsigned DEFAULT NULL,
  `channel_html_formatting` char(4) NOT NULL DEFAULT 'all',
  `channel_allow_img_urls` char(1) NOT NULL DEFAULT 'y',
  `channel_auto_link_urls` char(1) NOT NULL DEFAULT 'n',
  `channel_notify` char(1) NOT NULL DEFAULT 'n',
  `channel_notify_emails` varchar(255) DEFAULT NULL,
  `comment_url` varchar(80) DEFAULT NULL,
  `comment_system_enabled` char(1) NOT NULL DEFAULT 'y',
  `comment_require_membership` char(1) NOT NULL DEFAULT 'n',
  `comment_use_captcha` char(1) NOT NULL DEFAULT 'n',
  `comment_moderate` char(1) NOT NULL DEFAULT 'n',
  `comment_max_chars` int(5) unsigned DEFAULT '5000',
  `comment_timelock` int(5) unsigned NOT NULL DEFAULT '0',
  `comment_require_email` char(1) NOT NULL DEFAULT 'y',
  `comment_text_formatting` char(5) NOT NULL DEFAULT 'xhtml',
  `comment_html_formatting` char(4) NOT NULL DEFAULT 'safe',
  `comment_allow_img_urls` char(1) NOT NULL DEFAULT 'n',
  `comment_auto_link_urls` char(1) NOT NULL DEFAULT 'y',
  `comment_notify` char(1) NOT NULL DEFAULT 'n',
  `comment_notify_authors` char(1) NOT NULL DEFAULT 'n',
  `comment_notify_emails` varchar(255) DEFAULT NULL,
  `comment_expiration` int(4) unsigned NOT NULL DEFAULT '0',
  `search_results_url` varchar(80) DEFAULT NULL,
  `show_button_cluster` char(1) NOT NULL DEFAULT 'y',
  `rss_url` varchar(80) DEFAULT NULL,
  `enable_versioning` char(1) NOT NULL DEFAULT 'n',
  `max_revisions` smallint(4) unsigned NOT NULL DEFAULT '10',
  `default_entry_title` varchar(100) DEFAULT NULL,
  `url_title_prefix` varchar(80) DEFAULT NULL,
  `live_look_template` int(10) unsigned NOT NULL DEFAULT '0',
  PRIMARY KEY (`channel_id`),
  KEY `cat_group` (`cat_group`),
  KEY `status_group` (`status_group`),
  KEY `field_group` (`field_group`),
  KEY `channel_name` (`channel_name`),
  KEY `site_id` (`site_id`)
) ENGINE=MyISAM AUTO_INCREMENT=3 DEFAULT CHARSET=utf8;
/*!40101 SET character_set_client = @saved_cs_client */;

--
-- Dumping data for table `exp_channels`
--

LOCK TABLES `exp_channels` WRITE;
/*!40000 ALTER TABLE `exp_channels` DISABLE KEYS */;
INSERT INTO `exp_channels` VALUES (1,1,'news','News','/index.php/news',NULL,'en',3,0,1437064288,0,'1',1,'open',1,2,'','y','y',0,'all','y','y','n','','/index.php/news/comments','y','n','y','n',0,0,'y','xhtml','safe','n','y','n','n','',0,'/index.php/news/comments','y','','n',10,'','',0),(2,1,'about','Information Pages','/index.php/about',NULL,'en',7,0,1437064288,0,'2',1,'open',2,7,'','y','y',0,'all','y','n','n','','/index.php/news/comments','y','n','y','n',0,0,'y','xhtml','safe','n','y','n','n','',0,'/index.php/news/comments','y','','n',10,'','',0);
/*!40000 ALTER TABLE `exp_channels` ENABLE KEYS */;
UNLOCK TABLES;

--
-- Table structure for table `exp_comment_subscriptions`
--

DROP TABLE IF EXISTS `exp_comment_subscriptions`;
/*!40101 SET @saved_cs_client     = @@character_set_client */;
/*!40101 SET character_set_client = utf8 */;
CREATE TABLE `exp_comment_subscriptions` (
  `subscription_id` int(10) unsigned NOT NULL AUTO_INCREMENT,
  `entry_id` int(10) unsigned DEFAULT NULL,
  `member_id` int(10) DEFAULT '0',
  `email` varchar(75) DEFAULT NULL,
  `subscription_date` varchar(10) DEFAULT NULL,
  `notification_sent` char(1) DEFAULT 'n',
  `hash` varchar(15) DEFAULT NULL,
  PRIMARY KEY (`subscription_id`),
  KEY `entry_id` (`entry_id`),
  KEY `member_id` (`member_id`)
) ENGINE=InnoDB DEFAULT CHARSET=utf8;
/*!40101 SET character_set_client = @saved_cs_client */;

--
-- Dumping data for table `exp_comment_subscriptions`
--

LOCK TABLES `exp_comment_subscriptions` WRITE;
/*!40000 ALTER TABLE `exp_comment_subscriptions` DISABLE KEYS */;
/*!40000 ALTER TABLE `exp_comment_subscriptions` ENABLE KEYS */;
UNLOCK TABLES;

--
-- Table structure for table `exp_comments`
--

DROP TABLE IF EXISTS `exp_comments`;
/*!40101 SET @saved_cs_client     = @@character_set_client */;
/*!40101 SET character_set_client = utf8 */;
CREATE TABLE `exp_comments` (
  `comment_id` int(10) unsigned NOT NULL AUTO_INCREMENT,
  `site_id` int(4) DEFAULT '1',
  `entry_id` int(10) unsigned DEFAULT '0',
  `channel_id` int(4) unsigned DEFAULT '1',
  `author_id` int(10) unsigned DEFAULT '0',
  `status` char(1) DEFAULT '0',
  `name` varchar(50) DEFAULT NULL,
  `email` varchar(75) DEFAULT NULL,
  `url` varchar(75) DEFAULT NULL,
  `location` varchar(50) DEFAULT NULL,
  `ip_address` varchar(45) DEFAULT NULL,
  `comment_date` int(10) DEFAULT NULL,
  `edit_date` int(10) DEFAULT NULL,
  `comment` text,
  PRIMARY KEY (`comment_id`),
  KEY `entry_id` (`entry_id`),
  KEY `channel_id` (`channel_id`),
  KEY `author_id` (`author_id`),
  KEY `status` (`status`),
  KEY `site_id` (`site_id`),
  KEY `comment_date_idx` (`comment_date`)
) ENGINE=InnoDB DEFAULT CHARSET=utf8;
/*!40101 SET character_set_client = @saved_cs_client */;

--
-- Dumping data for table `exp_comments`
--

LOCK TABLES `exp_comments` WRITE;
/*!40000 ALTER TABLE `exp_comments` DISABLE KEYS */;
/*!40000 ALTER TABLE `exp_comments` ENABLE KEYS */;
UNLOCK TABLES;

--
-- Table structure for table `exp_content_types`
--

DROP TABLE IF EXISTS `exp_content_types`;
/*!40101 SET @saved_cs_client     = @@character_set_client */;
/*!40101 SET character_set_client = utf8 */;
CREATE TABLE `exp_content_types` (
  `content_type_id` int(10) unsigned NOT NULL AUTO_INCREMENT,
  `name` varchar(50) NOT NULL DEFAULT '',
  PRIMARY KEY (`content_type_id`),
  KEY `name` (`name`)
) ENGINE=MyISAM AUTO_INCREMENT=3 DEFAULT CHARSET=utf8;
/*!40101 SET character_set_client = @saved_cs_client */;

--
-- Dumping data for table `exp_content_types`
--

LOCK TABLES `exp_content_types` WRITE;
/*!40000 ALTER TABLE `exp_content_types` DISABLE KEYS */;
INSERT INTO `exp_content_types` VALUES (1,'grid'),(2,'channel');
/*!40000 ALTER TABLE `exp_content_types` ENABLE KEYS */;
UNLOCK TABLES;

--
-- Table structure for table `exp_cp_log`
--

DROP TABLE IF EXISTS `exp_cp_log`;
/*!40101 SET @saved_cs_client     = @@character_set_client */;
/*!40101 SET character_set_client = utf8 */;
CREATE TABLE `exp_cp_log` (
  `id` int(10) NOT NULL AUTO_INCREMENT,
  `site_id` int(4) unsigned NOT NULL DEFAULT '1',
  `member_id` int(10) unsigned NOT NULL,
  `username` varchar(32) NOT NULL,
  `ip_address` varchar(45) NOT NULL DEFAULT '0',
  `act_date` int(10) NOT NULL,
  `action` varchar(200) NOT NULL,
  PRIMARY KEY (`id`),
  KEY `site_id` (`site_id`)
) ENGINE=MyISAM AUTO_INCREMENT=3 DEFAULT CHARSET=utf8;
/*!40101 SET character_set_client = @saved_cs_client */;

--
-- Dumping data for table `exp_cp_log`
--

LOCK TABLES `exp_cp_log` WRITE;
/*!40000 ALTER TABLE `exp_cp_log` DISABLE KEYS */;
INSERT INTO `exp_cp_log` VALUES (1,1,1,'admin','fe80::1',1438287564,'Logged in'),(2,1,1,'admin','fe80::1',1438879961,'Logged in');
/*!40000 ALTER TABLE `exp_cp_log` ENABLE KEYS */;
UNLOCK TABLES;

--
-- Table structure for table `exp_cp_search_index`
--

DROP TABLE IF EXISTS `exp_cp_search_index`;
/*!40101 SET @saved_cs_client     = @@character_set_client */;
/*!40101 SET character_set_client = utf8 */;
CREATE TABLE `exp_cp_search_index` (
  `search_id` int(10) unsigned NOT NULL AUTO_INCREMENT,
  `controller` varchar(20) DEFAULT NULL,
  `method` varchar(50) DEFAULT NULL,
  `language` varchar(20) DEFAULT NULL,
  `access` varchar(50) DEFAULT NULL,
  `keywords` text,
  PRIMARY KEY (`search_id`),
  FULLTEXT KEY `keywords` (`keywords`)
) ENGINE=MyISAM DEFAULT CHARSET=utf8;
/*!40101 SET character_set_client = @saved_cs_client */;

--
-- Dumping data for table `exp_cp_search_index`
--

LOCK TABLES `exp_cp_search_index` WRITE;
/*!40000 ALTER TABLE `exp_cp_search_index` DISABLE KEYS */;
/*!40000 ALTER TABLE `exp_cp_search_index` ENABLE KEYS */;
UNLOCK TABLES;

--
-- Table structure for table `exp_developer_log`
--

DROP TABLE IF EXISTS `exp_developer_log`;
/*!40101 SET @saved_cs_client     = @@character_set_client */;
/*!40101 SET character_set_client = utf8 */;
CREATE TABLE `exp_developer_log` (
  `log_id` int(10) unsigned NOT NULL AUTO_INCREMENT,
  `timestamp` int(10) unsigned NOT NULL,
  `viewed` char(1) NOT NULL DEFAULT 'n',
  `description` text,
  `function` varchar(100) DEFAULT NULL,
  `line` int(10) unsigned DEFAULT NULL,
  `file` varchar(255) DEFAULT NULL,
  `deprecated_since` varchar(10) DEFAULT NULL,
  `use_instead` varchar(100) DEFAULT NULL,
  `template_id` int(10) unsigned NOT NULL DEFAULT '0',
  `template_name` varchar(100) DEFAULT NULL,
  `template_group` varchar(100) DEFAULT NULL,
  `addon_module` varchar(100) DEFAULT NULL,
  `addon_method` varchar(100) DEFAULT NULL,
  `snippets` text,
  `hash` char(32) NOT NULL,
  PRIMARY KEY (`log_id`)
) ENGINE=MyISAM DEFAULT CHARSET=utf8;
/*!40101 SET character_set_client = @saved_cs_client */;

--
-- Dumping data for table `exp_developer_log`
--

LOCK TABLES `exp_developer_log` WRITE;
/*!40000 ALTER TABLE `exp_developer_log` DISABLE KEYS */;
/*!40000 ALTER TABLE `exp_developer_log` ENABLE KEYS */;
UNLOCK TABLES;

--
-- Table structure for table `exp_email_cache`
--

DROP TABLE IF EXISTS `exp_email_cache`;
/*!40101 SET @saved_cs_client     = @@character_set_client */;
/*!40101 SET character_set_client = utf8 */;
CREATE TABLE `exp_email_cache` (
  `cache_id` int(6) unsigned NOT NULL AUTO_INCREMENT,
  `cache_date` int(10) unsigned NOT NULL DEFAULT '0',
  `total_sent` int(6) unsigned NOT NULL,
  `from_name` varchar(70) NOT NULL,
  `from_email` varchar(75) NOT NULL,
  `recipient` text NOT NULL,
  `cc` text NOT NULL,
  `bcc` text NOT NULL,
  `recipient_array` mediumtext NOT NULL,
  `subject` varchar(120) NOT NULL,
  `message` mediumtext NOT NULL,
  `plaintext_alt` mediumtext NOT NULL,
  `mailinglist` char(1) NOT NULL DEFAULT 'n',
  `mailtype` varchar(6) NOT NULL,
  `text_fmt` varchar(40) NOT NULL,
  `wordwrap` char(1) NOT NULL DEFAULT 'y',
  `priority` char(1) NOT NULL DEFAULT '3',
  PRIMARY KEY (`cache_id`)
) ENGINE=MyISAM DEFAULT CHARSET=utf8;
/*!40101 SET character_set_client = @saved_cs_client */;

--
-- Dumping data for table `exp_email_cache`
--

LOCK TABLES `exp_email_cache` WRITE;
/*!40000 ALTER TABLE `exp_email_cache` DISABLE KEYS */;
/*!40000 ALTER TABLE `exp_email_cache` ENABLE KEYS */;
UNLOCK TABLES;

--
-- Table structure for table `exp_email_cache_mg`
--

DROP TABLE IF EXISTS `exp_email_cache_mg`;
/*!40101 SET @saved_cs_client     = @@character_set_client */;
/*!40101 SET character_set_client = utf8 */;
CREATE TABLE `exp_email_cache_mg` (
  `cache_id` int(6) unsigned NOT NULL,
  `group_id` smallint(4) NOT NULL,
  PRIMARY KEY (`cache_id`,`group_id`)
) ENGINE=MyISAM DEFAULT CHARSET=utf8;
/*!40101 SET character_set_client = @saved_cs_client */;

--
-- Dumping data for table `exp_email_cache_mg`
--

LOCK TABLES `exp_email_cache_mg` WRITE;
/*!40000 ALTER TABLE `exp_email_cache_mg` DISABLE KEYS */;
/*!40000 ALTER TABLE `exp_email_cache_mg` ENABLE KEYS */;
UNLOCK TABLES;

--
-- Table structure for table `exp_email_cache_ml`
--

DROP TABLE IF EXISTS `exp_email_cache_ml`;
/*!40101 SET @saved_cs_client     = @@character_set_client */;
/*!40101 SET character_set_client = utf8 */;
CREATE TABLE `exp_email_cache_ml` (
  `cache_id` int(6) unsigned NOT NULL,
  `list_id` smallint(4) NOT NULL,
  PRIMARY KEY (`cache_id`,`list_id`)
) ENGINE=MyISAM DEFAULT CHARSET=utf8;
/*!40101 SET character_set_client = @saved_cs_client */;

--
-- Dumping data for table `exp_email_cache_ml`
--

LOCK TABLES `exp_email_cache_ml` WRITE;
/*!40000 ALTER TABLE `exp_email_cache_ml` DISABLE KEYS */;
/*!40000 ALTER TABLE `exp_email_cache_ml` ENABLE KEYS */;
UNLOCK TABLES;

--
-- Table structure for table `exp_email_console_cache`
--

DROP TABLE IF EXISTS `exp_email_console_cache`;
/*!40101 SET @saved_cs_client     = @@character_set_client */;
/*!40101 SET character_set_client = utf8 */;
CREATE TABLE `exp_email_console_cache` (
  `cache_id` int(6) unsigned NOT NULL AUTO_INCREMENT,
  `cache_date` int(10) unsigned NOT NULL DEFAULT '0',
  `member_id` int(10) unsigned NOT NULL,
  `member_name` varchar(50) NOT NULL,
  `ip_address` varchar(45) NOT NULL DEFAULT '0',
  `recipient` varchar(75) NOT NULL,
  `recipient_name` varchar(50) NOT NULL,
  `subject` varchar(120) NOT NULL,
  `message` mediumtext NOT NULL,
  PRIMARY KEY (`cache_id`)
) ENGINE=MyISAM DEFAULT CHARSET=utf8;
/*!40101 SET character_set_client = @saved_cs_client */;

--
-- Dumping data for table `exp_email_console_cache`
--

LOCK TABLES `exp_email_console_cache` WRITE;
/*!40000 ALTER TABLE `exp_email_console_cache` DISABLE KEYS */;
/*!40000 ALTER TABLE `exp_email_console_cache` ENABLE KEYS */;
UNLOCK TABLES;

--
-- Table structure for table `exp_email_tracker`
--

DROP TABLE IF EXISTS `exp_email_tracker`;
/*!40101 SET @saved_cs_client     = @@character_set_client */;
/*!40101 SET character_set_client = utf8 */;
CREATE TABLE `exp_email_tracker` (
  `email_id` int(10) unsigned NOT NULL AUTO_INCREMENT,
  `email_date` int(10) unsigned NOT NULL DEFAULT '0',
  `sender_ip` varchar(45) NOT NULL,
  `sender_email` varchar(75) NOT NULL,
  `sender_username` varchar(50) NOT NULL,
  `number_recipients` int(4) unsigned NOT NULL DEFAULT '1',
  PRIMARY KEY (`email_id`)
) ENGINE=MyISAM DEFAULT CHARSET=utf8;
/*!40101 SET character_set_client = @saved_cs_client */;

--
-- Dumping data for table `exp_email_tracker`
--

LOCK TABLES `exp_email_tracker` WRITE;
/*!40000 ALTER TABLE `exp_email_tracker` DISABLE KEYS */;
/*!40000 ALTER TABLE `exp_email_tracker` ENABLE KEYS */;
UNLOCK TABLES;

--
-- Table structure for table `exp_entry_versioning`
--

DROP TABLE IF EXISTS `exp_entry_versioning`;
/*!40101 SET @saved_cs_client     = @@character_set_client */;
/*!40101 SET character_set_client = utf8 */;
CREATE TABLE `exp_entry_versioning` (
  `version_id` int(10) unsigned NOT NULL AUTO_INCREMENT,
  `entry_id` int(10) unsigned NOT NULL,
  `channel_id` int(4) unsigned NOT NULL,
  `author_id` int(10) unsigned NOT NULL,
  `version_date` int(10) NOT NULL,
  `version_data` mediumtext NOT NULL,
  PRIMARY KEY (`version_id`),
  KEY `entry_id` (`entry_id`)
) ENGINE=MyISAM DEFAULT CHARSET=utf8;
/*!40101 SET character_set_client = @saved_cs_client */;

--
-- Dumping data for table `exp_entry_versioning`
--

LOCK TABLES `exp_entry_versioning` WRITE;
/*!40000 ALTER TABLE `exp_entry_versioning` DISABLE KEYS */;
/*!40000 ALTER TABLE `exp_entry_versioning` ENABLE KEYS */;
UNLOCK TABLES;

--
-- Table structure for table `exp_extensions`
--

DROP TABLE IF EXISTS `exp_extensions`;
/*!40101 SET @saved_cs_client     = @@character_set_client */;
/*!40101 SET character_set_client = utf8 */;
CREATE TABLE `exp_extensions` (
  `extension_id` int(10) unsigned NOT NULL AUTO_INCREMENT,
  `class` varchar(50) NOT NULL DEFAULT '',
  `method` varchar(50) NOT NULL DEFAULT '',
  `hook` varchar(50) NOT NULL DEFAULT '',
  `settings` text NOT NULL,
  `priority` int(2) NOT NULL DEFAULT '10',
  `version` varchar(10) NOT NULL DEFAULT '',
  `enabled` char(1) NOT NULL DEFAULT 'y',
  PRIMARY KEY (`extension_id`)
) ENGINE=MyISAM AUTO_INCREMENT=3 DEFAULT CHARSET=utf8;
/*!40101 SET character_set_client = @saved_cs_client */;

--
-- Dumping data for table `exp_extensions`
--

LOCK TABLES `exp_extensions` WRITE;
/*!40000 ALTER TABLE `exp_extensions` DISABLE KEYS */;
INSERT INTO `exp_extensions` VALUES (1,'Rte_ext','myaccount_nav_setup','myaccount_nav_setup','',10,'1.0.1','y'),(2,'Rte_ext','cp_menu_array','cp_menu_array','',10,'1.0.1','y');
/*!40000 ALTER TABLE `exp_extensions` ENABLE KEYS */;
UNLOCK TABLES;

--
-- Table structure for table `exp_field_formatting`
--

DROP TABLE IF EXISTS `exp_field_formatting`;
/*!40101 SET @saved_cs_client     = @@character_set_client */;
/*!40101 SET character_set_client = utf8 */;
CREATE TABLE `exp_field_formatting` (
  `formatting_id` int(10) unsigned NOT NULL AUTO_INCREMENT,
  `field_id` int(10) unsigned NOT NULL,
  `field_fmt` varchar(40) NOT NULL,
  PRIMARY KEY (`formatting_id`)
) ENGINE=MyISAM AUTO_INCREMENT=29 DEFAULT CHARSET=utf8;
/*!40101 SET character_set_client = @saved_cs_client */;

--
-- Dumping data for table `exp_field_formatting`
--

LOCK TABLES `exp_field_formatting` WRITE;
/*!40000 ALTER TABLE `exp_field_formatting` DISABLE KEYS */;
INSERT INTO `exp_field_formatting` VALUES (1,1,'none'),(2,1,'br'),(3,1,'xhtml'),(4,1,'markdown'),(5,2,'none'),(6,2,'br'),(7,2,'xhtml'),(8,2,'markdown'),(9,3,'none'),(10,3,'br'),(11,3,'xhtml'),(12,3,'markdown'),(13,4,'none'),(14,4,'br'),(15,4,'xhtml'),(16,4,'markdown'),(17,5,'none'),(18,5,'br'),(19,5,'xhtml'),(20,5,'markdown'),(21,6,'none'),(22,6,'br'),(23,6,'xhtml'),(24,6,'markdown'),(25,7,'none'),(26,7,'br'),(27,7,'xhtml'),(28,7,'markdown');
/*!40000 ALTER TABLE `exp_field_formatting` ENABLE KEYS */;
UNLOCK TABLES;

--
-- Table structure for table `exp_field_groups`
--

DROP TABLE IF EXISTS `exp_field_groups`;
/*!40101 SET @saved_cs_client     = @@character_set_client */;
/*!40101 SET character_set_client = utf8 */;
CREATE TABLE `exp_field_groups` (
  `group_id` int(4) unsigned NOT NULL AUTO_INCREMENT,
  `site_id` int(4) unsigned NOT NULL DEFAULT '1',
  `group_name` varchar(50) NOT NULL,
  PRIMARY KEY (`group_id`),
  KEY `site_id` (`site_id`)
) ENGINE=MyISAM AUTO_INCREMENT=3 DEFAULT CHARSET=utf8;
/*!40101 SET character_set_client = @saved_cs_client */;

--
-- Dumping data for table `exp_field_groups`
--

LOCK TABLES `exp_field_groups` WRITE;
/*!40000 ALTER TABLE `exp_field_groups` DISABLE KEYS */;
INSERT INTO `exp_field_groups` VALUES (1,1,'News'),(2,1,'About');
/*!40000 ALTER TABLE `exp_field_groups` ENABLE KEYS */;
UNLOCK TABLES;

--
-- Table structure for table `exp_fieldtypes`
--

DROP TABLE IF EXISTS `exp_fieldtypes`;
/*!40101 SET @saved_cs_client     = @@character_set_client */;
/*!40101 SET character_set_client = utf8 */;
CREATE TABLE `exp_fieldtypes` (
  `fieldtype_id` int(4) unsigned NOT NULL AUTO_INCREMENT,
  `name` varchar(50) NOT NULL,
  `version` varchar(12) NOT NULL,
  `settings` text,
  `has_global_settings` char(1) DEFAULT 'n',
  PRIMARY KEY (`fieldtype_id`)
) ENGINE=MyISAM AUTO_INCREMENT=12 DEFAULT CHARSET=utf8;
/*!40101 SET character_set_client = @saved_cs_client */;

--
-- Dumping data for table `exp_fieldtypes`
--

LOCK TABLES `exp_fieldtypes` WRITE;
/*!40000 ALTER TABLE `exp_fieldtypes` DISABLE KEYS */;
INSERT INTO `exp_fieldtypes` VALUES (1,'select','1.0','YTowOnt9','n'),(2,'text','1.0','YTowOnt9','n'),(3,'textarea','1.0','YTowOnt9','n'),(4,'date','1.0','YTowOnt9','n'),(5,'file','1.0','YTowOnt9','n'),(6,'grid','1.0','YTowOnt9','n'),(7,'multi_select','1.0','YTowOnt9','n'),(8,'checkboxes','1.0','YTowOnt9','n'),(9,'radio','1.0','YTowOnt9','n'),(10,'relationship','1.0','YTowOnt9','n'),(11,'rte','1.0','YTowOnt9','n');
/*!40000 ALTER TABLE `exp_fieldtypes` ENABLE KEYS */;
UNLOCK TABLES;

--
-- Table structure for table `exp_file_categories`
--

DROP TABLE IF EXISTS `exp_file_categories`;
/*!40101 SET @saved_cs_client     = @@character_set_client */;
/*!40101 SET character_set_client = utf8 */;
CREATE TABLE `exp_file_categories` (
  `file_id` int(10) unsigned DEFAULT NULL,
  `cat_id` int(10) unsigned DEFAULT NULL,
  `sort` int(10) unsigned DEFAULT '0',
  `is_cover` char(1) DEFAULT 'n',
  KEY `file_id` (`file_id`),
  KEY `cat_id` (`cat_id`)
) ENGINE=MyISAM DEFAULT CHARSET=utf8;
/*!40101 SET character_set_client = @saved_cs_client */;

--
-- Dumping data for table `exp_file_categories`
--

LOCK TABLES `exp_file_categories` WRITE;
/*!40000 ALTER TABLE `exp_file_categories` DISABLE KEYS */;
/*!40000 ALTER TABLE `exp_file_categories` ENABLE KEYS */;
UNLOCK TABLES;

--
-- Table structure for table `exp_file_dimensions`
--

DROP TABLE IF EXISTS `exp_file_dimensions`;
/*!40101 SET @saved_cs_client     = @@character_set_client */;
/*!40101 SET character_set_client = utf8 */;
CREATE TABLE `exp_file_dimensions` (
  `id` int(10) unsigned NOT NULL AUTO_INCREMENT,
  `site_id` int(4) unsigned NOT NULL DEFAULT '1',
  `upload_location_id` int(4) unsigned DEFAULT NULL,
  `title` varchar(255) DEFAULT '',
  `short_name` varchar(255) DEFAULT '',
  `resize_type` varchar(50) DEFAULT '',
  `width` int(10) DEFAULT '0',
  `height` int(10) DEFAULT '0',
  `quality` tinyint(1) unsigned DEFAULT '90',
  `watermark_id` int(4) unsigned DEFAULT NULL,
  PRIMARY KEY (`id`),
  KEY `upload_location_id` (`upload_location_id`)
) ENGINE=MyISAM DEFAULT CHARSET=utf8;
/*!40101 SET character_set_client = @saved_cs_client */;

--
-- Dumping data for table `exp_file_dimensions`
--

LOCK TABLES `exp_file_dimensions` WRITE;
/*!40000 ALTER TABLE `exp_file_dimensions` DISABLE KEYS */;
/*!40000 ALTER TABLE `exp_file_dimensions` ENABLE KEYS */;
UNLOCK TABLES;

--
-- Table structure for table `exp_file_watermarks`
--

DROP TABLE IF EXISTS `exp_file_watermarks`;
/*!40101 SET @saved_cs_client     = @@character_set_client */;
/*!40101 SET character_set_client = utf8 */;
CREATE TABLE `exp_file_watermarks` (
  `wm_id` int(4) unsigned NOT NULL AUTO_INCREMENT,
  `wm_name` varchar(80) DEFAULT NULL,
  `wm_type` varchar(10) DEFAULT 'text',
  `wm_image_path` varchar(100) DEFAULT NULL,
  `wm_test_image_path` varchar(100) DEFAULT NULL,
  `wm_use_font` char(1) DEFAULT 'y',
  `wm_font` varchar(30) DEFAULT NULL,
  `wm_font_size` int(3) unsigned DEFAULT NULL,
  `wm_text` varchar(100) DEFAULT NULL,
  `wm_vrt_alignment` varchar(10) DEFAULT 'top',
  `wm_hor_alignment` varchar(10) DEFAULT 'left',
  `wm_padding` int(3) unsigned DEFAULT NULL,
  `wm_opacity` int(3) unsigned DEFAULT NULL,
  `wm_hor_offset` int(4) unsigned DEFAULT NULL,
  `wm_vrt_offset` int(4) unsigned DEFAULT NULL,
  `wm_x_transp` int(4) DEFAULT NULL,
  `wm_y_transp` int(4) DEFAULT NULL,
  `wm_font_color` varchar(7) DEFAULT NULL,
  `wm_use_drop_shadow` char(1) DEFAULT 'y',
  `wm_shadow_distance` int(3) unsigned DEFAULT NULL,
  `wm_shadow_color` varchar(7) DEFAULT NULL,
  PRIMARY KEY (`wm_id`)
) ENGINE=MyISAM DEFAULT CHARSET=utf8;
/*!40101 SET character_set_client = @saved_cs_client */;

--
-- Dumping data for table `exp_file_watermarks`
--

LOCK TABLES `exp_file_watermarks` WRITE;
/*!40000 ALTER TABLE `exp_file_watermarks` DISABLE KEYS */;
/*!40000 ALTER TABLE `exp_file_watermarks` ENABLE KEYS */;
UNLOCK TABLES;

--
-- Table structure for table `exp_files`
--

DROP TABLE IF EXISTS `exp_files`;
/*!40101 SET @saved_cs_client     = @@character_set_client */;
/*!40101 SET character_set_client = utf8 */;
CREATE TABLE `exp_files` (
  `file_id` int(10) unsigned NOT NULL AUTO_INCREMENT,
  `site_id` int(4) unsigned DEFAULT '1',
  `title` varchar(255) DEFAULT NULL,
  `upload_location_id` int(4) unsigned DEFAULT '0',
  `rel_path` varchar(255) DEFAULT NULL,
  `mime_type` varchar(255) DEFAULT NULL,
  `file_name` varchar(255) DEFAULT NULL,
  `file_size` int(10) DEFAULT '0',
  `description` text,
  `credit` varchar(255) DEFAULT NULL,
  `location` varchar(255) DEFAULT NULL,
  `uploaded_by_member_id` int(10) unsigned DEFAULT '0',
  `upload_date` int(10) DEFAULT NULL,
  `modified_by_member_id` int(10) unsigned DEFAULT '0',
  `modified_date` int(10) DEFAULT NULL,
  `file_hw_original` varchar(20) NOT NULL DEFAULT '',
  PRIMARY KEY (`file_id`),
  KEY `upload_location_id` (`upload_location_id`),
  KEY `site_id` (`site_id`)
) ENGINE=MyISAM AUTO_INCREMENT=11 DEFAULT CHARSET=utf8;
/*!40101 SET character_set_client = @saved_cs_client */;

--
-- Dumping data for table `exp_files`
--

LOCK TABLES `exp_files` WRITE;
/*!40000 ALTER TABLE `exp_files` DISABLE KEYS */;
INSERT INTO `exp_files` VALUES (1,1,'staff_jane.png',2,'staff_jane.png','image/png','staff_jane.png',51612,NULL,NULL,NULL,1,1302889304,1,1302889304,''),(2,1,'staff_jason.png',2,'staff_jason.png','image/png','staff_jason.png',51430,NULL,NULL,NULL,1,1302889304,1,1302889304,''),(3,1,'staff_josh.png',2,'staff_josh.png','image/png','staff_josh.png',50638,NULL,NULL,NULL,1,1302889304,1,1302889304,''),(4,1,'staff_randell.png',2,'staff_randell.png','image/png','staff_randell.png',51681,NULL,NULL,NULL,1,1302889304,1,1302889304,''),(5,1,'ee_banner_120_240.gif',2,'ee_banner_120_240.gif','image/gif','ee_banner_120_240.gif',9257,NULL,NULL,NULL,1,1302889304,1,1302889304,''),(6,1,'testband300.jpg',2,'testband300.jpg','image/jpeg','testband300.jpg',23986,NULL,NULL,NULL,1,1302889304,1,1302889304,''),(7,1,'map.jpg',2,'map.jpg','image/jpeg','map.jpg',71299,NULL,NULL,NULL,1,1302889304,1,1302889304,''),(8,1,'map2.jpg',2,'map2.jpg','image/jpeg','map2.jpg',49175,NULL,NULL,NULL,1,1302889304,1,1302889304,''),(9,1,'staff_chloe.png',2,'staff_chloe.png','image/png','staff_chloe.png',50262,NULL,NULL,NULL,1,1302889304,1,1302889304,''),(10,1,'staff_howard.png',2,'staff_howard.png','image/png','staff_howard.png',51488,NULL,NULL,NULL,1,1302889304,1,1302889304,'');
/*!40000 ALTER TABLE `exp_files` ENABLE KEYS */;
UNLOCK TABLES;

--
-- Table structure for table `exp_global_variables`
--

DROP TABLE IF EXISTS `exp_global_variables`;
/*!40101 SET @saved_cs_client     = @@character_set_client */;
/*!40101 SET character_set_client = utf8 */;
CREATE TABLE `exp_global_variables` (
  `variable_id` int(6) unsigned NOT NULL AUTO_INCREMENT,
  `site_id` int(4) unsigned NOT NULL DEFAULT '1',
  `variable_name` varchar(50) NOT NULL,
  `variable_data` text NOT NULL,
  PRIMARY KEY (`variable_id`),
  KEY `variable_name` (`variable_name`),
  KEY `site_id` (`site_id`)
) ENGINE=MyISAM AUTO_INCREMENT=15 DEFAULT CHARSET=utf8;
/*!40101 SET character_set_client = @saved_cs_client */;

--
-- Dumping data for table `exp_global_variables`
--

LOCK TABLES `exp_global_variables` WRITE;
/*!40000 ALTER TABLE `exp_global_variables` DISABLE KEYS */;
INSERT INTO `exp_global_variables` VALUES (1,1,'.htaccess','deny from all'),(2,1,'branding_begin','<div id=\"branding\">\n	<div id=\"branding_logo\"></div>\n	<div id=\"branding_sub\">\n		<h1><a href=\"{site_url}\" title=\"Agile Records Home\"></a></h1>'),(3,1,'branding_end','</div> <!-- ending #branding_sub -->\n</div> <!-- ending #branding -->'),(4,1,'comment_guidelines','<div id=\"comment_guidelines\">\n	<h6>Comment Guidelines</h6>\n	<p>Basic HTML formatting permitted - <br />\n		<code>&lt;ul&gt;</code>, <code>&lt;li&gt;</code>, <code>&lt;strong&gt;</code>, <code>&lt;em&gt;</code>, <code>&lt;a href&gt;</code>, <code>&lt;blockquote&gt;</code>, <code>&lt;code&gt;</code></p>\n</div>'),(5,1,'favicon','<!-- Favicon -->\n'),(6,1,'html_close','</body>\n</html>'),(7,1,'html_head','<!DOCTYPE html PUBLIC \"-//W3C//DTD XHTML 1.0 Strict//EN\" \"http://www.w3.org/TR/xhtml1/DTD/xhtml1-strict.dtd\">\n<html xmlns=\"http://www.w3.org/1999/xhtml\">\n<head>\n<meta http-equiv=\"Content-Type\" content=\"text/html; charset=utf-8\" />\n'),(8,1,'html_head_end','</head>\n'),(9,1,'js','<!-- JS -->\n<script src=\"{site_url}themes/site_themes/agile_records/js/jquery.js\" type=\"text/javascript\"></script>\n<script src=\"{site_url}themes/site_themes/agile_records/js/onload.js\" type=\"text/javascript\"></script>'),(10,1,'nav_access','<ul id=\"nav_access\">\n	<li><a href=\"#navigation\">Skip to navigation</a></li>\n	<li><a href=\"#primary_content_wrapper\">Skip to content</a></li>\n</ul>'),(11,1,'rss','<!-- RSS -->\n<link href=\"{path=news/rss}\" rel=\"alternate\" type=\"application/rss+xml\" title=\"RSS Feed\" />'),(12,1,'rss_links','<h5>RSS Feeds <img src=\"{site_url}themes/site_themes/agile_records/images/rss12.gif\" alt=\"RSS Icon\" class=\"rssicon\" /></h5>\n		<div id=\"news_rss\">\n			<p>Subscribe to our RSS Feeds</p>\n			<ul>\n				<li><a href=\"{path=\'news/rss\'}\">News RSS Feed</a></li>\n				<li><a href=\"{path=\'news/atom\'}\">News ATOM Feed</a></li>\n			</ul>\n		</div>'),(13,1,'wrapper_begin','<div id=\"page\">\n<div id=\"content_wrapper\">'),(14,1,'wrapper_close','</div> <!-- ending #content_wrapper -->\n</div> <!-- ending #page -->');
/*!40000 ALTER TABLE `exp_global_variables` ENABLE KEYS */;
UNLOCK TABLES;

--
-- Table structure for table `exp_grid_columns`
--

DROP TABLE IF EXISTS `exp_grid_columns`;
/*!40101 SET @saved_cs_client     = @@character_set_client */;
/*!40101 SET character_set_client = utf8 */;
CREATE TABLE `exp_grid_columns` (
  `col_id` int(10) unsigned NOT NULL AUTO_INCREMENT,
  `field_id` int(10) unsigned DEFAULT NULL,
  `content_type` varchar(50) DEFAULT NULL,
  `col_order` int(3) unsigned DEFAULT NULL,
  `col_type` varchar(50) DEFAULT NULL,
  `col_label` varchar(50) DEFAULT NULL,
  `col_name` varchar(32) DEFAULT NULL,
  `col_instructions` text,
  `col_required` char(1) DEFAULT NULL,
  `col_search` char(1) DEFAULT NULL,
  `col_width` int(3) unsigned DEFAULT NULL,
  `col_settings` text,
  PRIMARY KEY (`col_id`),
  KEY `field_id` (`field_id`)
) ENGINE=MyISAM DEFAULT CHARSET=utf8;
/*!40101 SET character_set_client = @saved_cs_client */;

--
-- Dumping data for table `exp_grid_columns`
--

LOCK TABLES `exp_grid_columns` WRITE;
/*!40000 ALTER TABLE `exp_grid_columns` DISABLE KEYS */;
/*!40000 ALTER TABLE `exp_grid_columns` ENABLE KEYS */;
UNLOCK TABLES;

--
-- Table structure for table `exp_html_buttons`
--

DROP TABLE IF EXISTS `exp_html_buttons`;
/*!40101 SET @saved_cs_client     = @@character_set_client */;
/*!40101 SET character_set_client = utf8 */;
CREATE TABLE `exp_html_buttons` (
  `id` int(10) unsigned NOT NULL AUTO_INCREMENT,
  `site_id` int(4) unsigned NOT NULL DEFAULT '1',
  `member_id` int(10) NOT NULL DEFAULT '0',
  `tag_name` varchar(32) NOT NULL,
  `tag_open` varchar(120) NOT NULL,
  `tag_close` varchar(120) NOT NULL,
  `accesskey` varchar(32) NOT NULL,
  `tag_order` int(3) unsigned NOT NULL,
  `tag_row` char(1) NOT NULL DEFAULT '1',
  `classname` varchar(20) DEFAULT NULL,
  PRIMARY KEY (`id`),
  KEY `site_id` (`site_id`)
) ENGINE=MyISAM AUTO_INCREMENT=6 DEFAULT CHARSET=utf8;
/*!40101 SET character_set_client = @saved_cs_client */;

--
-- Dumping data for table `exp_html_buttons`
--

LOCK TABLES `exp_html_buttons` WRITE;
/*!40000 ALTER TABLE `exp_html_buttons` DISABLE KEYS */;
INSERT INTO `exp_html_buttons` VALUES (1,1,0,'b','<strong>','</strong>','b',1,'1','btn_b'),(2,1,0,'i','<em>','</em>','i',2,'1','btn_i'),(3,1,0,'blockquote','<blockquote>','</blockquote>','q',3,'1','btn_blockquote'),(4,1,0,'a','<a href=\"[![Link:!:http://]!]\"(!( title=\"[![Title]!]\")!)>','</a>','a',4,'1','btn_a'),(5,1,0,'img','<img src=\"[![Link:!:http://]!]\" alt=\"[![Alternative text]!]\" />','','',5,'1','btn_img');
/*!40000 ALTER TABLE `exp_html_buttons` ENABLE KEYS */;
UNLOCK TABLES;

--
-- Table structure for table `exp_layout_publish`
--

DROP TABLE IF EXISTS `exp_layout_publish`;
/*!40101 SET @saved_cs_client     = @@character_set_client */;
/*!40101 SET character_set_client = utf8 */;
CREATE TABLE `exp_layout_publish` (
  `layout_id` int(10) unsigned NOT NULL AUTO_INCREMENT,
  `site_id` int(4) unsigned NOT NULL DEFAULT '1',
  `member_group` int(4) unsigned NOT NULL DEFAULT '0',
  `channel_id` int(4) unsigned NOT NULL DEFAULT '0',
  `field_layout` text,
  PRIMARY KEY (`layout_id`),
  KEY `site_id` (`site_id`),
  KEY `member_group` (`member_group`),
  KEY `channel_id` (`channel_id`)
) ENGINE=MyISAM DEFAULT CHARSET=utf8;
/*!40101 SET character_set_client = @saved_cs_client */;

--
-- Dumping data for table `exp_layout_publish`
--

LOCK TABLES `exp_layout_publish` WRITE;
/*!40000 ALTER TABLE `exp_layout_publish` DISABLE KEYS */;
/*!40000 ALTER TABLE `exp_layout_publish` ENABLE KEYS */;
UNLOCK TABLES;

--
-- Table structure for table `exp_mailing_list`
--

DROP TABLE IF EXISTS `exp_mailing_list`;
/*!40101 SET @saved_cs_client     = @@character_set_client */;
/*!40101 SET character_set_client = utf8 */;
CREATE TABLE `exp_mailing_list` (
  `user_id` int(10) unsigned NOT NULL AUTO_INCREMENT,
  `list_id` int(7) unsigned NOT NULL,
  `authcode` varchar(10) NOT NULL,
  `email` varchar(75) NOT NULL,
  `ip_address` varchar(45) NOT NULL,
  PRIMARY KEY (`user_id`),
  KEY `list_id` (`list_id`)
) ENGINE=InnoDB AUTO_INCREMENT=14 DEFAULT CHARSET=utf8;
/*!40101 SET character_set_client = @saved_cs_client */;

--
-- Dumping data for table `exp_mailing_list`
--

LOCK TABLES `exp_mailing_list` WRITE;
/*!40000 ALTER TABLE `exp_mailing_list` DISABLE KEYS */;
INSERT INTO `exp_mailing_list` VALUES (1,1,'tj79FOqXD2','fake-email-10-fake@expressionengine.com','fe80::1'),(2,1,'RKWkuFsMvO','fake-email-7-fake@expressionengine.com','fe80::1'),(3,1,'3o93UIv6qg','fake-email-3-fake@expressionengine.com','fe80::1'),(4,1,'XlYmYvgLqH','fake-email-2-fake@expressionengine.com','fe80::1'),(5,1,'5KBRzqCTei','fake-email-5-fake@expressionengine.com','fe80::1'),(6,1,'FDbj9GVB0E','fake-email-8-fake@expressionengine.com','fe80::1'),(7,1,'ORlLfHLcmO','fake-email-6-fake@expressionengine.com','fe80::1'),(8,1,'atnKZojq2z','fake-email-1-fake@expressionengine.com','fe80::1'),(9,2,'i8jeaQpO6X','fake-email-3-fake@expressionengine.com','fe80::1'),(10,2,'bjtMHZySPo','fake-email-2-fake@expressionengine.com','fe80::1'),(11,2,'21lVuKMrYM','fake-email-5-fake@expressionengine.com','fe80::1'),(12,2,'AKII8PlZUz','fake-email-8-fake@expressionengine.com','fe80::1'),(13,2,'3cQ8BNEYsx','fake-email-6-fake@expressionengine.com','fe80::1');
/*!40000 ALTER TABLE `exp_mailing_list` ENABLE KEYS */;
UNLOCK TABLES;

--
-- Table structure for table `exp_mailing_list_queue`
--

DROP TABLE IF EXISTS `exp_mailing_list_queue`;
/*!40101 SET @saved_cs_client     = @@character_set_client */;
/*!40101 SET character_set_client = utf8 */;
CREATE TABLE `exp_mailing_list_queue` (
  `queue_id` int(10) unsigned NOT NULL AUTO_INCREMENT,
  `email` varchar(75) NOT NULL,
  `list_id` int(7) unsigned NOT NULL DEFAULT '0',
  `authcode` varchar(10) NOT NULL,
  `date` int(10) NOT NULL,
  PRIMARY KEY (`queue_id`)
) ENGINE=InnoDB DEFAULT CHARSET=utf8;
/*!40101 SET character_set_client = @saved_cs_client */;

--
-- Dumping data for table `exp_mailing_list_queue`
--

LOCK TABLES `exp_mailing_list_queue` WRITE;
/*!40000 ALTER TABLE `exp_mailing_list_queue` DISABLE KEYS */;
/*!40000 ALTER TABLE `exp_mailing_list_queue` ENABLE KEYS */;
UNLOCK TABLES;

--
-- Table structure for table `exp_mailing_lists`
--

DROP TABLE IF EXISTS `exp_mailing_lists`;
/*!40101 SET @saved_cs_client     = @@character_set_client */;
/*!40101 SET character_set_client = utf8 */;
CREATE TABLE `exp_mailing_lists` (
  `list_id` int(7) unsigned NOT NULL AUTO_INCREMENT,
  `list_name` varchar(40) NOT NULL,
  `list_title` varchar(100) NOT NULL,
  `list_template` text NOT NULL,
  PRIMARY KEY (`list_id`),
  KEY `list_name` (`list_name`)
) ENGINE=InnoDB AUTO_INCREMENT=3 DEFAULT CHARSET=utf8;
/*!40101 SET character_set_client = @saved_cs_client */;

--
-- Dumping data for table `exp_mailing_lists`
--

LOCK TABLES `exp_mailing_lists` WRITE;
/*!40000 ALTER TABLE `exp_mailing_lists` DISABLE KEYS */;
INSERT INTO `exp_mailing_lists` VALUES (1,'default','Default Mailing List','{message_text}\n\nTo remove your email from this mailing list, click here:\n{if html_email}<a href=\\\"{unsubscribe_url}\\\">{unsubscribe_url}</a>{/if}\n{if plain_email}{unsubscribe_url}{/if}'),(2,'second_mailing_list','Second Mailing List','{message_text}\n\nTo remove your email from the \\\"{mailing_list}\\\" mailing list, click here:\n{if html_email}<a href=\\\"{unsubscribe_url}\\\">{unsubscribe_url}</a>{/if}\n{if plain_email}{unsubscribe_url}{/if}');
/*!40000 ALTER TABLE `exp_mailing_lists` ENABLE KEYS */;
UNLOCK TABLES;

--
-- Table structure for table `exp_member_bulletin_board`
--

DROP TABLE IF EXISTS `exp_member_bulletin_board`;
/*!40101 SET @saved_cs_client     = @@character_set_client */;
/*!40101 SET character_set_client = utf8 */;
CREATE TABLE `exp_member_bulletin_board` (
  `bulletin_id` int(10) unsigned NOT NULL AUTO_INCREMENT,
  `sender_id` int(10) unsigned NOT NULL,
  `bulletin_group` int(8) unsigned NOT NULL,
  `bulletin_date` int(10) unsigned NOT NULL,
  `hash` varchar(10) NOT NULL DEFAULT '',
  `bulletin_expires` int(10) unsigned NOT NULL DEFAULT '0',
  `bulletin_message` text NOT NULL,
  PRIMARY KEY (`bulletin_id`),
  KEY `sender_id` (`sender_id`),
  KEY `hash` (`hash`)
) ENGINE=MyISAM DEFAULT CHARSET=utf8;
/*!40101 SET character_set_client = @saved_cs_client */;

--
-- Dumping data for table `exp_member_bulletin_board`
--

LOCK TABLES `exp_member_bulletin_board` WRITE;
/*!40000 ALTER TABLE `exp_member_bulletin_board` DISABLE KEYS */;
/*!40000 ALTER TABLE `exp_member_bulletin_board` ENABLE KEYS */;
UNLOCK TABLES;

--
-- Table structure for table `exp_member_data`
--

DROP TABLE IF EXISTS `exp_member_data`;
/*!40101 SET @saved_cs_client     = @@character_set_client */;
/*!40101 SET character_set_client = utf8 */;
CREATE TABLE `exp_member_data` (
  `member_id` int(10) unsigned NOT NULL,
  PRIMARY KEY (`member_id`)
) ENGINE=MyISAM DEFAULT CHARSET=utf8;
/*!40101 SET character_set_client = @saved_cs_client */;

--
-- Dumping data for table `exp_member_data`
--

LOCK TABLES `exp_member_data` WRITE;
/*!40000 ALTER TABLE `exp_member_data` DISABLE KEYS */;
INSERT INTO `exp_member_data` VALUES (1);
/*!40000 ALTER TABLE `exp_member_data` ENABLE KEYS */;
UNLOCK TABLES;

--
-- Table structure for table `exp_member_fields`
--

DROP TABLE IF EXISTS `exp_member_fields`;
/*!40101 SET @saved_cs_client     = @@character_set_client */;
/*!40101 SET character_set_client = utf8 */;
CREATE TABLE `exp_member_fields` (
  `m_field_id` int(4) unsigned NOT NULL AUTO_INCREMENT,
  `m_field_name` varchar(32) NOT NULL,
  `m_field_label` varchar(50) NOT NULL,
  `m_field_description` text NOT NULL,
  `m_field_type` varchar(12) NOT NULL DEFAULT 'text',
  `m_field_list_items` text NOT NULL,
  `m_field_ta_rows` tinyint(2) DEFAULT '8',
  `m_field_maxl` smallint(3) NOT NULL,
  `m_field_width` varchar(6) NOT NULL,
  `m_field_search` char(1) NOT NULL DEFAULT 'y',
  `m_field_required` char(1) NOT NULL DEFAULT 'n',
  `m_field_public` char(1) NOT NULL DEFAULT 'y',
  `m_field_reg` char(1) NOT NULL DEFAULT 'n',
  `m_field_cp_reg` char(1) NOT NULL DEFAULT 'n',
  `m_field_fmt` char(5) NOT NULL DEFAULT 'none',
  `m_field_order` int(3) unsigned NOT NULL,
  PRIMARY KEY (`m_field_id`)
) ENGINE=MyISAM DEFAULT CHARSET=utf8;
/*!40101 SET character_set_client = @saved_cs_client */;

--
-- Dumping data for table `exp_member_fields`
--

LOCK TABLES `exp_member_fields` WRITE;
/*!40000 ALTER TABLE `exp_member_fields` DISABLE KEYS */;
/*!40000 ALTER TABLE `exp_member_fields` ENABLE KEYS */;
UNLOCK TABLES;

--
-- Table structure for table `exp_member_groups`
--

DROP TABLE IF EXISTS `exp_member_groups`;
/*!40101 SET @saved_cs_client     = @@character_set_client */;
/*!40101 SET character_set_client = utf8 */;
CREATE TABLE `exp_member_groups` (
  `group_id` smallint(4) unsigned NOT NULL,
  `site_id` int(4) unsigned NOT NULL DEFAULT '1',
  `group_title` varchar(100) NOT NULL,
  `group_description` text NOT NULL,
  `is_locked` char(1) NOT NULL DEFAULT 'y',
  `can_view_offline_system` char(1) NOT NULL DEFAULT 'n',
  `can_view_online_system` char(1) NOT NULL DEFAULT 'y',
  `can_access_cp` char(1) NOT NULL DEFAULT 'y',
  `can_access_content` char(1) NOT NULL DEFAULT 'n',
  `can_access_publish` char(1) NOT NULL DEFAULT 'n',
  `can_access_edit` char(1) NOT NULL DEFAULT 'n',
  `can_access_files` char(1) NOT NULL DEFAULT 'n',
  `can_access_fieldtypes` char(1) NOT NULL DEFAULT 'n',
  `can_access_design` char(1) NOT NULL DEFAULT 'n',
  `can_access_addons` char(1) NOT NULL DEFAULT 'n',
  `can_access_modules` char(1) NOT NULL DEFAULT 'n',
  `can_access_extensions` char(1) NOT NULL DEFAULT 'n',
  `can_access_accessories` char(1) NOT NULL DEFAULT 'n',
  `can_access_plugins` char(1) NOT NULL DEFAULT 'n',
  `can_access_members` char(1) NOT NULL DEFAULT 'n',
  `can_access_admin` char(1) NOT NULL DEFAULT 'n',
  `can_access_sys_prefs` char(1) NOT NULL DEFAULT 'n',
  `can_access_content_prefs` char(1) NOT NULL DEFAULT 'n',
  `can_access_tools` char(1) NOT NULL DEFAULT 'n',
  `can_access_comm` char(1) NOT NULL DEFAULT 'n',
  `can_access_utilities` char(1) NOT NULL DEFAULT 'n',
  `can_access_data` char(1) NOT NULL DEFAULT 'n',
  `can_access_logs` char(1) NOT NULL DEFAULT 'n',
  `can_admin_channels` char(1) NOT NULL DEFAULT 'n',
  `can_admin_upload_prefs` char(1) NOT NULL DEFAULT 'n',
  `can_admin_design` char(1) NOT NULL DEFAULT 'n',
  `can_admin_members` char(1) NOT NULL DEFAULT 'n',
  `can_delete_members` char(1) NOT NULL DEFAULT 'n',
  `can_admin_mbr_groups` char(1) NOT NULL DEFAULT 'n',
  `can_admin_mbr_templates` char(1) NOT NULL DEFAULT 'n',
  `can_ban_users` char(1) NOT NULL DEFAULT 'n',
  `can_admin_modules` char(1) NOT NULL DEFAULT 'n',
  `can_admin_templates` char(1) NOT NULL DEFAULT 'n',
  `can_edit_categories` char(1) NOT NULL DEFAULT 'n',
  `can_delete_categories` char(1) NOT NULL DEFAULT 'n',
  `can_view_other_entries` char(1) NOT NULL DEFAULT 'n',
  `can_edit_other_entries` char(1) NOT NULL DEFAULT 'n',
  `can_assign_post_authors` char(1) NOT NULL DEFAULT 'n',
  `can_delete_self_entries` char(1) NOT NULL DEFAULT 'n',
  `can_delete_all_entries` char(1) NOT NULL DEFAULT 'n',
  `can_view_other_comments` char(1) NOT NULL DEFAULT 'n',
  `can_edit_own_comments` char(1) NOT NULL DEFAULT 'n',
  `can_delete_own_comments` char(1) NOT NULL DEFAULT 'n',
  `can_edit_all_comments` char(1) NOT NULL DEFAULT 'n',
  `can_delete_all_comments` char(1) NOT NULL DEFAULT 'n',
  `can_moderate_comments` char(1) NOT NULL DEFAULT 'n',
  `can_send_email` char(1) NOT NULL DEFAULT 'n',
  `can_send_cached_email` char(1) NOT NULL DEFAULT 'n',
  `can_email_member_groups` char(1) NOT NULL DEFAULT 'n',
  `can_email_mailinglist` char(1) NOT NULL DEFAULT 'n',
  `can_email_from_profile` char(1) NOT NULL DEFAULT 'n',
  `can_view_profiles` char(1) NOT NULL DEFAULT 'n',
  `can_edit_html_buttons` char(1) NOT NULL DEFAULT 'n',
  `can_delete_self` char(1) NOT NULL DEFAULT 'n',
  `mbr_delete_notify_emails` varchar(255) DEFAULT NULL,
  `can_post_comments` char(1) NOT NULL DEFAULT 'n',
  `exclude_from_moderation` char(1) NOT NULL DEFAULT 'n',
  `can_search` char(1) NOT NULL DEFAULT 'n',
  `search_flood_control` mediumint(5) unsigned NOT NULL,
  `can_send_private_messages` char(1) NOT NULL DEFAULT 'n',
  `prv_msg_send_limit` smallint(5) unsigned NOT NULL DEFAULT '20',
  `prv_msg_storage_limit` smallint(5) unsigned NOT NULL DEFAULT '60',
  `can_attach_in_private_messages` char(1) NOT NULL DEFAULT 'n',
  `can_send_bulletins` char(1) NOT NULL DEFAULT 'n',
  `include_in_authorlist` char(1) NOT NULL DEFAULT 'n',
  `include_in_memberlist` char(1) NOT NULL DEFAULT 'y',
  `include_in_mailinglists` char(1) NOT NULL DEFAULT 'y',
  PRIMARY KEY (`group_id`,`site_id`)
) ENGINE=MyISAM DEFAULT CHARSET=utf8;
/*!40101 SET character_set_client = @saved_cs_client */;

--
-- Dumping data for table `exp_member_groups`
--

LOCK TABLES `exp_member_groups` WRITE;
/*!40000 ALTER TABLE `exp_member_groups` DISABLE KEYS */;
INSERT INTO `exp_member_groups` VALUES (1,1,'Super Admins','','y','y','y','y','y','y','y','y','y','y','y','y','y','y','y','y','y','y','y','y','y','y','y','y','y','y','y','y','y','y','y','y','y','y','y','y','y','y','y','y','y','y','y','y','y','y','y','y','y','y','y','y','y','y','y','','y','y','y',0,'y',20,60,'y','y','y','y','y'),(2,1,'Banned','','y','n','n','n','n','n','n','n','n','n','n','n','n','n','n','n','n','n','n','n','n','n','n','n','n','n','n','n','n','n','n','n','n','n','n','n','n','n','n','n','n','n','n','n','n','n','n','n','n','n','n','n','n','n','n','','n','n','n',60,'n',20,60,'n','n','n','n','n'),(3,1,'Guests','','y','n','y','n','n','n','n','n','n','n','n','n','n','n','n','n','n','n','n','n','n','n','n','n','n','n','n','n','n','n','n','n','n','n','n','n','n','n','n','n','n','n','n','n','n','n','n','n','n','n','y','n','n','n','n','','y','n','y',15,'n',20,60,'n','n','n','n','n'),(4,1,'Pending','','y','n','y','n','n','n','n','n','n','n','n','n','n','n','n','n','n','n','n','n','n','n','n','n','n','n','n','n','n','n','n','n','n','n','n','n','n','n','n','n','n','n','n','n','n','n','n','n','n','n','y','n','n','n','n','','y','n','y',15,'n',20,60,'n','n','n','n','n'),(5,1,'Members','','y','n','y','n','n','n','n','n','n','n','n','n','n','n','n','n','n','n','n','n','n','n','n','n','n','n','n','n','n','n','n','n','n','n','n','n','n','n','n','n','n','n','n','n','n','n','n','n','n','n','n','y','y','y','n','','y','n','y',10,'y',20,60,'y','n','n','y','y');
/*!40000 ALTER TABLE `exp_member_groups` ENABLE KEYS */;
UNLOCK TABLES;

--
-- Table structure for table `exp_member_homepage`
--

DROP TABLE IF EXISTS `exp_member_homepage`;
/*!40101 SET @saved_cs_client     = @@character_set_client */;
/*!40101 SET character_set_client = utf8 */;
CREATE TABLE `exp_member_homepage` (
  `member_id` int(10) unsigned NOT NULL,
  `recent_entries` char(1) NOT NULL DEFAULT 'l',
  `recent_entries_order` int(3) unsigned NOT NULL DEFAULT '0',
  `recent_comments` char(1) NOT NULL DEFAULT 'l',
  `recent_comments_order` int(3) unsigned NOT NULL DEFAULT '0',
  `recent_members` char(1) NOT NULL DEFAULT 'n',
  `recent_members_order` int(3) unsigned NOT NULL DEFAULT '0',
  `site_statistics` char(1) NOT NULL DEFAULT 'r',
  `site_statistics_order` int(3) unsigned NOT NULL DEFAULT '0',
  `member_search_form` char(1) NOT NULL DEFAULT 'n',
  `member_search_form_order` int(3) unsigned NOT NULL DEFAULT '0',
  `notepad` char(1) NOT NULL DEFAULT 'r',
  `notepad_order` int(3) unsigned NOT NULL DEFAULT '0',
  `bulletin_board` char(1) NOT NULL DEFAULT 'r',
  `bulletin_board_order` int(3) unsigned NOT NULL DEFAULT '0',
  `pmachine_news_feed` char(1) NOT NULL DEFAULT 'n',
  `pmachine_news_feed_order` int(3) unsigned NOT NULL DEFAULT '0',
  PRIMARY KEY (`member_id`)
) ENGINE=MyISAM DEFAULT CHARSET=utf8;
/*!40101 SET character_set_client = @saved_cs_client */;

--
-- Dumping data for table `exp_member_homepage`
--

LOCK TABLES `exp_member_homepage` WRITE;
/*!40000 ALTER TABLE `exp_member_homepage` DISABLE KEYS */;
INSERT INTO `exp_member_homepage` VALUES (1,'l',1,'l',2,'n',0,'r',1,'n',0,'r',2,'r',0,'l',0);
/*!40000 ALTER TABLE `exp_member_homepage` ENABLE KEYS */;
UNLOCK TABLES;

--
-- Table structure for table `exp_member_search`
--

DROP TABLE IF EXISTS `exp_member_search`;
/*!40101 SET @saved_cs_client     = @@character_set_client */;
/*!40101 SET character_set_client = utf8 */;
CREATE TABLE `exp_member_search` (
  `search_id` varchar(32) NOT NULL,
  `site_id` int(4) unsigned NOT NULL DEFAULT '1',
  `search_date` int(10) unsigned NOT NULL,
  `keywords` varchar(200) NOT NULL,
  `fields` varchar(200) NOT NULL,
  `member_id` int(10) unsigned NOT NULL,
  `ip_address` varchar(45) NOT NULL DEFAULT '0',
  `total_results` int(8) unsigned NOT NULL,
  `query` text NOT NULL,
  PRIMARY KEY (`search_id`),
  KEY `member_id` (`member_id`),
  KEY `site_id` (`site_id`)
) ENGINE=MyISAM DEFAULT CHARSET=utf8;
/*!40101 SET character_set_client = @saved_cs_client */;

--
-- Dumping data for table `exp_member_search`
--

LOCK TABLES `exp_member_search` WRITE;
/*!40000 ALTER TABLE `exp_member_search` DISABLE KEYS */;
/*!40000 ALTER TABLE `exp_member_search` ENABLE KEYS */;
UNLOCK TABLES;

--
-- Table structure for table `exp_members`
--

DROP TABLE IF EXISTS `exp_members`;
/*!40101 SET @saved_cs_client     = @@character_set_client */;
/*!40101 SET character_set_client = utf8 */;
CREATE TABLE `exp_members` (
  `member_id` int(10) unsigned NOT NULL AUTO_INCREMENT,
  `group_id` smallint(4) NOT NULL DEFAULT '0',
  `username` varchar(50) NOT NULL,
  `screen_name` varchar(50) NOT NULL,
  `password` varchar(128) NOT NULL,
  `salt` varchar(128) NOT NULL DEFAULT '',
  `unique_id` varchar(40) NOT NULL,
  `crypt_key` varchar(40) DEFAULT NULL,
  `authcode` varchar(10) DEFAULT NULL,
  `email` varchar(75) NOT NULL,
  `url` varchar(150) DEFAULT NULL,
  `location` varchar(50) DEFAULT NULL,
  `occupation` varchar(80) DEFAULT NULL,
  `interests` varchar(120) DEFAULT NULL,
  `bday_d` int(2) DEFAULT NULL,
  `bday_m` int(2) DEFAULT NULL,
  `bday_y` int(4) DEFAULT NULL,
  `aol_im` varchar(50) DEFAULT NULL,
  `yahoo_im` varchar(50) DEFAULT NULL,
  `msn_im` varchar(50) DEFAULT NULL,
  `icq` varchar(50) DEFAULT NULL,
  `bio` text,
  `signature` text,
  `avatar_filename` varchar(120) DEFAULT NULL,
  `avatar_width` int(4) unsigned DEFAULT NULL,
  `avatar_height` int(4) unsigned DEFAULT NULL,
  `photo_filename` varchar(120) DEFAULT NULL,
  `photo_width` int(4) unsigned DEFAULT NULL,
  `photo_height` int(4) unsigned DEFAULT NULL,
  `sig_img_filename` varchar(120) DEFAULT NULL,
  `sig_img_width` int(4) unsigned DEFAULT NULL,
  `sig_img_height` int(4) unsigned DEFAULT NULL,
  `ignore_list` text,
  `private_messages` int(4) unsigned NOT NULL DEFAULT '0',
  `accept_messages` char(1) NOT NULL DEFAULT 'y',
  `last_view_bulletins` int(10) NOT NULL DEFAULT '0',
  `last_bulletin_date` int(10) NOT NULL DEFAULT '0',
  `ip_address` varchar(45) NOT NULL DEFAULT '0',
  `join_date` int(10) unsigned NOT NULL DEFAULT '0',
  `last_visit` int(10) unsigned NOT NULL DEFAULT '0',
  `last_activity` int(10) unsigned NOT NULL DEFAULT '0',
  `total_entries` mediumint(8) unsigned NOT NULL DEFAULT '0',
  `total_comments` mediumint(8) unsigned NOT NULL DEFAULT '0',
  `total_forum_topics` mediumint(8) NOT NULL DEFAULT '0',
  `total_forum_posts` mediumint(8) NOT NULL DEFAULT '0',
  `last_entry_date` int(10) unsigned NOT NULL DEFAULT '0',
  `last_comment_date` int(10) unsigned NOT NULL DEFAULT '0',
  `last_forum_post_date` int(10) unsigned NOT NULL DEFAULT '0',
  `last_email_date` int(10) unsigned NOT NULL DEFAULT '0',
  `in_authorlist` char(1) NOT NULL DEFAULT 'n',
  `accept_admin_email` char(1) NOT NULL DEFAULT 'y',
  `accept_user_email` char(1) NOT NULL DEFAULT 'y',
  `notify_by_default` char(1) NOT NULL DEFAULT 'y',
  `notify_of_pm` char(1) NOT NULL DEFAULT 'y',
  `display_avatars` char(1) NOT NULL DEFAULT 'y',
  `display_signatures` char(1) NOT NULL DEFAULT 'y',
  `parse_smileys` char(1) NOT NULL DEFAULT 'y',
  `smart_notifications` char(1) NOT NULL DEFAULT 'y',
  `language` varchar(50) NOT NULL,
  `timezone` varchar(50) NOT NULL,
  `time_format` char(2) NOT NULL DEFAULT '12',
  `date_format` varchar(8) NOT NULL DEFAULT '%n/%j/%Y',
  `include_seconds` char(1) NOT NULL DEFAULT 'n',
  `cp_theme` varchar(32) DEFAULT NULL,
  `profile_theme` varchar(32) DEFAULT NULL,
  `forum_theme` varchar(32) DEFAULT NULL,
  `tracker` text,
  `template_size` varchar(2) NOT NULL DEFAULT '28',
  `notepad` text,
  `notepad_size` varchar(2) NOT NULL DEFAULT '18',
  `quick_links` text,
  `quick_tabs` text,
  `show_sidebar` char(1) NOT NULL DEFAULT 'n',
  `pmember_id` int(10) NOT NULL DEFAULT '0',
  `rte_enabled` char(1) NOT NULL DEFAULT 'y',
  `rte_toolset_id` int(10) NOT NULL DEFAULT '0',
  PRIMARY KEY (`member_id`),
  KEY `group_id` (`group_id`),
  KEY `unique_id` (`unique_id`),
  KEY `password` (`password`)
) ENGINE=MyISAM AUTO_INCREMENT=2 DEFAULT CHARSET=utf8;
/*!40101 SET character_set_client = @saved_cs_client */;

--
-- Dumping data for table `exp_members`
--

LOCK TABLES `exp_members` WRITE;
/*!40000 ALTER TABLE `exp_members` DISABLE KEYS */;
INSERT INTO `exp_members` VALUES (1,1,'admin','John J. Ransom','092407595e85bfcc0f75fde1b3535d8ff46eb1cf93cd20f9ae82160a0c82721b5e90fec6d0dfffea71f9909f0acc8fa743d433517f1a03df0417cf2b3b7dcb3f','(]Mk@3n#D7$}edM?w/Y(tukb(.zc9gMvg@*&_qEc[..,!v+-r=;[F?0qLpZ>`g2?TkKWrIs~ZUsNl#rD@KqXk]_$CDGrl>WV||L%M\\X\\GgfY[!);d8l@ZCM]9Nw>h?j/','220fbfc58cc3b1b17031d1220588feb64e5e3827','866560de63b19e624f1bfc9a6cb498e5ddbd7048',NULL,'fake-email-1-fake@expressionengine.com',NULL,NULL,NULL,NULL,NULL,NULL,NULL,NULL,NULL,NULL,NULL,NULL,NULL,NULL,NULL,NULL,NULL,NULL,NULL,NULL,NULL,NULL,NULL,0,'y',0,0,'fe80::1',1437064288,1438287564,1438879961,10,0,0,0,1437064288,0,0,0,'n','y','y','y','y','y','y','y','y','english','America/New_York','12','%n/%j/%Y','n',NULL,NULL,NULL,NULL,'28',NULL,'18','',NULL,'n',0,'y',0);
/*!40000 ALTER TABLE `exp_members` ENABLE KEYS */;
UNLOCK TABLES;

--
-- Table structure for table `exp_message_attachments`
--

DROP TABLE IF EXISTS `exp_message_attachments`;
/*!40101 SET @saved_cs_client     = @@character_set_client */;
/*!40101 SET character_set_client = utf8 */;
CREATE TABLE `exp_message_attachments` (
  `attachment_id` int(10) unsigned NOT NULL AUTO_INCREMENT,
  `sender_id` int(10) unsigned NOT NULL DEFAULT '0',
  `message_id` int(10) unsigned NOT NULL DEFAULT '0',
  `attachment_name` varchar(50) NOT NULL DEFAULT '',
  `attachment_hash` varchar(40) NOT NULL DEFAULT '',
  `attachment_extension` varchar(20) NOT NULL DEFAULT '',
  `attachment_location` varchar(150) NOT NULL DEFAULT '',
  `attachment_date` int(10) unsigned NOT NULL DEFAULT '0',
  `attachment_size` int(10) unsigned NOT NULL DEFAULT '0',
  `is_temp` char(1) NOT NULL DEFAULT 'y',
  PRIMARY KEY (`attachment_id`)
) ENGINE=MyISAM DEFAULT CHARSET=utf8;
/*!40101 SET character_set_client = @saved_cs_client */;

--
-- Dumping data for table `exp_message_attachments`
--

LOCK TABLES `exp_message_attachments` WRITE;
/*!40000 ALTER TABLE `exp_message_attachments` DISABLE KEYS */;
/*!40000 ALTER TABLE `exp_message_attachments` ENABLE KEYS */;
UNLOCK TABLES;

--
-- Table structure for table `exp_message_copies`
--

DROP TABLE IF EXISTS `exp_message_copies`;
/*!40101 SET @saved_cs_client     = @@character_set_client */;
/*!40101 SET character_set_client = utf8 */;
CREATE TABLE `exp_message_copies` (
  `copy_id` int(10) unsigned NOT NULL AUTO_INCREMENT,
  `message_id` int(10) unsigned NOT NULL DEFAULT '0',
  `sender_id` int(10) unsigned NOT NULL DEFAULT '0',
  `recipient_id` int(10) unsigned NOT NULL DEFAULT '0',
  `message_received` char(1) NOT NULL DEFAULT 'n',
  `message_read` char(1) NOT NULL DEFAULT 'n',
  `message_time_read` int(10) unsigned NOT NULL DEFAULT '0',
  `attachment_downloaded` char(1) NOT NULL DEFAULT 'n',
  `message_folder` int(10) unsigned NOT NULL DEFAULT '1',
  `message_authcode` varchar(10) NOT NULL DEFAULT '',
  `message_deleted` char(1) NOT NULL DEFAULT 'n',
  `message_status` varchar(10) NOT NULL DEFAULT '',
  PRIMARY KEY (`copy_id`),
  KEY `message_id` (`message_id`),
  KEY `recipient_id` (`recipient_id`),
  KEY `sender_id` (`sender_id`)
) ENGINE=MyISAM DEFAULT CHARSET=utf8;
/*!40101 SET character_set_client = @saved_cs_client */;

--
-- Dumping data for table `exp_message_copies`
--

LOCK TABLES `exp_message_copies` WRITE;
/*!40000 ALTER TABLE `exp_message_copies` DISABLE KEYS */;
/*!40000 ALTER TABLE `exp_message_copies` ENABLE KEYS */;
UNLOCK TABLES;

--
-- Table structure for table `exp_message_data`
--

DROP TABLE IF EXISTS `exp_message_data`;
/*!40101 SET @saved_cs_client     = @@character_set_client */;
/*!40101 SET character_set_client = utf8 */;
CREATE TABLE `exp_message_data` (
  `message_id` int(10) unsigned NOT NULL AUTO_INCREMENT,
  `sender_id` int(10) unsigned NOT NULL DEFAULT '0',
  `message_date` int(10) unsigned NOT NULL DEFAULT '0',
  `message_subject` varchar(255) NOT NULL DEFAULT '',
  `message_body` text NOT NULL,
  `message_tracking` char(1) NOT NULL DEFAULT 'y',
  `message_attachments` char(1) NOT NULL DEFAULT 'n',
  `message_recipients` varchar(200) NOT NULL DEFAULT '',
  `message_cc` varchar(200) NOT NULL DEFAULT '',
  `message_hide_cc` char(1) NOT NULL DEFAULT 'n',
  `message_sent_copy` char(1) NOT NULL DEFAULT 'n',
  `total_recipients` int(5) unsigned NOT NULL DEFAULT '0',
  `message_status` varchar(25) NOT NULL DEFAULT '',
  PRIMARY KEY (`message_id`),
  KEY `sender_id` (`sender_id`)
) ENGINE=MyISAM DEFAULT CHARSET=utf8;
/*!40101 SET character_set_client = @saved_cs_client */;

--
-- Dumping data for table `exp_message_data`
--

LOCK TABLES `exp_message_data` WRITE;
/*!40000 ALTER TABLE `exp_message_data` DISABLE KEYS */;
/*!40000 ALTER TABLE `exp_message_data` ENABLE KEYS */;
UNLOCK TABLES;

--
-- Table structure for table `exp_message_folders`
--

DROP TABLE IF EXISTS `exp_message_folders`;
/*!40101 SET @saved_cs_client     = @@character_set_client */;
/*!40101 SET character_set_client = utf8 */;
CREATE TABLE `exp_message_folders` (
  `member_id` int(10) unsigned NOT NULL DEFAULT '0',
  `folder1_name` varchar(50) NOT NULL DEFAULT 'InBox',
  `folder2_name` varchar(50) NOT NULL DEFAULT 'Sent',
  `folder3_name` varchar(50) NOT NULL DEFAULT '',
  `folder4_name` varchar(50) NOT NULL DEFAULT '',
  `folder5_name` varchar(50) NOT NULL DEFAULT '',
  `folder6_name` varchar(50) NOT NULL DEFAULT '',
  `folder7_name` varchar(50) NOT NULL DEFAULT '',
  `folder8_name` varchar(50) NOT NULL DEFAULT '',
  `folder9_name` varchar(50) NOT NULL DEFAULT '',
  `folder10_name` varchar(50) NOT NULL DEFAULT '',
  PRIMARY KEY (`member_id`)
) ENGINE=MyISAM DEFAULT CHARSET=utf8;
/*!40101 SET character_set_client = @saved_cs_client */;

--
-- Dumping data for table `exp_message_folders`
--

LOCK TABLES `exp_message_folders` WRITE;
/*!40000 ALTER TABLE `exp_message_folders` DISABLE KEYS */;
/*!40000 ALTER TABLE `exp_message_folders` ENABLE KEYS */;
UNLOCK TABLES;

--
-- Table structure for table `exp_message_listed`
--

DROP TABLE IF EXISTS `exp_message_listed`;
/*!40101 SET @saved_cs_client     = @@character_set_client */;
/*!40101 SET character_set_client = utf8 */;
CREATE TABLE `exp_message_listed` (
  `listed_id` int(10) unsigned NOT NULL AUTO_INCREMENT,
  `member_id` int(10) unsigned NOT NULL DEFAULT '0',
  `listed_member` int(10) unsigned NOT NULL DEFAULT '0',
  `listed_description` varchar(100) NOT NULL DEFAULT '',
  `listed_type` varchar(10) NOT NULL DEFAULT 'blocked',
  PRIMARY KEY (`listed_id`)
) ENGINE=MyISAM DEFAULT CHARSET=utf8;
/*!40101 SET character_set_client = @saved_cs_client */;

--
-- Dumping data for table `exp_message_listed`
--

LOCK TABLES `exp_message_listed` WRITE;
/*!40000 ALTER TABLE `exp_message_listed` DISABLE KEYS */;
/*!40000 ALTER TABLE `exp_message_listed` ENABLE KEYS */;
UNLOCK TABLES;

--
-- Table structure for table `exp_module_member_groups`
--

DROP TABLE IF EXISTS `exp_module_member_groups`;
/*!40101 SET @saved_cs_client     = @@character_set_client */;
/*!40101 SET character_set_client = utf8 */;
CREATE TABLE `exp_module_member_groups` (
  `group_id` smallint(4) unsigned NOT NULL,
  `module_id` mediumint(5) unsigned NOT NULL,
  PRIMARY KEY (`group_id`,`module_id`)
) ENGINE=MyISAM DEFAULT CHARSET=utf8;
/*!40101 SET character_set_client = @saved_cs_client */;

--
-- Dumping data for table `exp_module_member_groups`
--

LOCK TABLES `exp_module_member_groups` WRITE;
/*!40000 ALTER TABLE `exp_module_member_groups` DISABLE KEYS */;
/*!40000 ALTER TABLE `exp_module_member_groups` ENABLE KEYS */;
UNLOCK TABLES;

--
-- Table structure for table `exp_modules`
--

DROP TABLE IF EXISTS `exp_modules`;
/*!40101 SET @saved_cs_client     = @@character_set_client */;
/*!40101 SET character_set_client = utf8 */;
CREATE TABLE `exp_modules` (
  `module_id` int(4) unsigned NOT NULL AUTO_INCREMENT,
  `module_name` varchar(50) NOT NULL,
  `module_version` varchar(12) NOT NULL,
  `has_cp_backend` char(1) NOT NULL DEFAULT 'n',
  `has_publish_fields` char(1) NOT NULL DEFAULT 'n',
  PRIMARY KEY (`module_id`)
) ENGINE=MyISAM AUTO_INCREMENT=12 DEFAULT CHARSET=utf8;
/*!40101 SET character_set_client = @saved_cs_client */;

--
-- Dumping data for table `exp_modules`
--

LOCK TABLES `exp_modules` WRITE;
/*!40000 ALTER TABLE `exp_modules` DISABLE KEYS */;
INSERT INTO `exp_modules` VALUES (1,'Emoticon','2.0','n','n'),(2,'Jquery','1.0','n','n'),(3,'Channel','2.0.1','n','n'),(4,'Member','2.1','n','n'),(5,'Stats','2.0','n','n'),(6,'Rte','1.0.1','y','n'),(7,'Email','2.0','n','n'),(8,'Rss','2.0','n','n'),(9,'Comment','2.3.2','y','n'),(10,'Search','2.2.2','n','n'),(11,'Mailinglist','3.2','y','n');
/*!40000 ALTER TABLE `exp_modules` ENABLE KEYS */;
UNLOCK TABLES;

--
-- Table structure for table `exp_online_users`
--

DROP TABLE IF EXISTS `exp_online_users`;
/*!40101 SET @saved_cs_client     = @@character_set_client */;
/*!40101 SET character_set_client = utf8 */;
CREATE TABLE `exp_online_users` (
  `online_id` int(10) unsigned NOT NULL AUTO_INCREMENT,
  `site_id` int(4) unsigned NOT NULL DEFAULT '1',
  `member_id` int(10) NOT NULL DEFAULT '0',
  `in_forum` char(1) NOT NULL DEFAULT 'n',
  `name` varchar(50) NOT NULL DEFAULT '0',
  `ip_address` varchar(45) NOT NULL DEFAULT '0',
  `date` int(10) unsigned NOT NULL DEFAULT '0',
  `anon` char(1) NOT NULL,
  PRIMARY KEY (`online_id`),
  KEY `date` (`date`),
  KEY `site_id` (`site_id`)
) ENGINE=MyISAM AUTO_INCREMENT=2 DEFAULT CHARSET=utf8;
/*!40101 SET character_set_client = @saved_cs_client */;

--
-- Dumping data for table `exp_online_users`
--

LOCK TABLES `exp_online_users` WRITE;
/*!40000 ALTER TABLE `exp_online_users` DISABLE KEYS */;
INSERT INTO `exp_online_users` VALUES (1,1,0,'n','','fe80::1',1438879954,'');
/*!40000 ALTER TABLE `exp_online_users` ENABLE KEYS */;
UNLOCK TABLES;

--
-- Table structure for table `exp_password_lockout`
--

DROP TABLE IF EXISTS `exp_password_lockout`;
/*!40101 SET @saved_cs_client     = @@character_set_client */;
/*!40101 SET character_set_client = utf8 */;
CREATE TABLE `exp_password_lockout` (
  `lockout_id` int(10) unsigned NOT NULL AUTO_INCREMENT,
  `login_date` int(10) unsigned NOT NULL,
  `ip_address` varchar(45) NOT NULL DEFAULT '0',
  `user_agent` varchar(120) NOT NULL,
  `username` varchar(50) NOT NULL,
  PRIMARY KEY (`lockout_id`),
  KEY `login_date` (`login_date`),
  KEY `ip_address` (`ip_address`),
  KEY `user_agent` (`user_agent`)
) ENGINE=MyISAM DEFAULT CHARSET=utf8;
/*!40101 SET character_set_client = @saved_cs_client */;

--
-- Dumping data for table `exp_password_lockout`
--

LOCK TABLES `exp_password_lockout` WRITE;
/*!40000 ALTER TABLE `exp_password_lockout` DISABLE KEYS */;
/*!40000 ALTER TABLE `exp_password_lockout` ENABLE KEYS */;
UNLOCK TABLES;

--
-- Table structure for table `exp_relationships`
--

DROP TABLE IF EXISTS `exp_relationships`;
/*!40101 SET @saved_cs_client     = @@character_set_client */;
/*!40101 SET character_set_client = utf8 */;
CREATE TABLE `exp_relationships` (
  `relationship_id` int(6) unsigned NOT NULL AUTO_INCREMENT,
  `parent_id` int(10) unsigned NOT NULL DEFAULT '0',
  `child_id` int(10) unsigned NOT NULL DEFAULT '0',
  `field_id` int(10) unsigned NOT NULL DEFAULT '0',
  `grid_field_id` int(10) unsigned NOT NULL DEFAULT '0',
  `grid_col_id` int(10) unsigned NOT NULL DEFAULT '0',
  `grid_row_id` int(10) unsigned NOT NULL DEFAULT '0',
  `order` int(10) unsigned NOT NULL DEFAULT '0',
  PRIMARY KEY (`relationship_id`),
  KEY `parent_id` (`parent_id`),
  KEY `child_id` (`child_id`),
  KEY `field_id` (`field_id`),
  KEY `grid_row_id` (`grid_row_id`)
) ENGINE=MyISAM DEFAULT CHARSET=utf8;
/*!40101 SET character_set_client = @saved_cs_client */;

--
-- Dumping data for table `exp_relationships`
--

LOCK TABLES `exp_relationships` WRITE;
/*!40000 ALTER TABLE `exp_relationships` DISABLE KEYS */;
/*!40000 ALTER TABLE `exp_relationships` ENABLE KEYS */;
UNLOCK TABLES;

--
-- Table structure for table `exp_remember_me`
--

DROP TABLE IF EXISTS `exp_remember_me`;
/*!40101 SET @saved_cs_client     = @@character_set_client */;
/*!40101 SET character_set_client = utf8 */;
CREATE TABLE `exp_remember_me` (
  `remember_me_id` varchar(40) NOT NULL DEFAULT '0',
  `member_id` int(10) DEFAULT '0',
  `ip_address` varchar(45) DEFAULT '0',
  `user_agent` varchar(120) DEFAULT '',
  `admin_sess` tinyint(1) DEFAULT '0',
  `site_id` int(4) DEFAULT '1',
  `expiration` int(10) DEFAULT '0',
  `last_refresh` int(10) DEFAULT '0',
  PRIMARY KEY (`remember_me_id`),
  KEY `member_id` (`member_id`)
) ENGINE=MyISAM DEFAULT CHARSET=utf8;
/*!40101 SET character_set_client = @saved_cs_client */;

--
-- Dumping data for table `exp_remember_me`
--

LOCK TABLES `exp_remember_me` WRITE;
/*!40000 ALTER TABLE `exp_remember_me` DISABLE KEYS */;
/*!40000 ALTER TABLE `exp_remember_me` ENABLE KEYS */;
UNLOCK TABLES;

--
-- Table structure for table `exp_reset_password`
--

DROP TABLE IF EXISTS `exp_reset_password`;
/*!40101 SET @saved_cs_client     = @@character_set_client */;
/*!40101 SET character_set_client = utf8 */;
CREATE TABLE `exp_reset_password` (
  `reset_id` int(10) unsigned NOT NULL AUTO_INCREMENT,
  `member_id` int(10) unsigned NOT NULL,
  `resetcode` varchar(12) NOT NULL,
  `date` int(10) NOT NULL,
  PRIMARY KEY (`reset_id`)
) ENGINE=MyISAM DEFAULT CHARSET=utf8;
/*!40101 SET character_set_client = @saved_cs_client */;

--
-- Dumping data for table `exp_reset_password`
--

LOCK TABLES `exp_reset_password` WRITE;
/*!40000 ALTER TABLE `exp_reset_password` DISABLE KEYS */;
/*!40000 ALTER TABLE `exp_reset_password` ENABLE KEYS */;
UNLOCK TABLES;

--
-- Table structure for table `exp_revision_tracker`
--

DROP TABLE IF EXISTS `exp_revision_tracker`;
/*!40101 SET @saved_cs_client     = @@character_set_client */;
/*!40101 SET character_set_client = utf8 */;
CREATE TABLE `exp_revision_tracker` (
  `tracker_id` int(10) unsigned NOT NULL AUTO_INCREMENT,
  `item_id` int(10) unsigned NOT NULL,
  `item_table` varchar(20) NOT NULL,
  `item_field` varchar(20) NOT NULL,
  `item_date` int(10) NOT NULL,
  `item_author_id` int(10) unsigned NOT NULL,
  `item_data` mediumtext NOT NULL,
  PRIMARY KEY (`tracker_id`),
  KEY `item_id` (`item_id`)
) ENGINE=MyISAM DEFAULT CHARSET=utf8;
/*!40101 SET character_set_client = @saved_cs_client */;

--
-- Dumping data for table `exp_revision_tracker`
--

LOCK TABLES `exp_revision_tracker` WRITE;
/*!40000 ALTER TABLE `exp_revision_tracker` DISABLE KEYS */;
/*!40000 ALTER TABLE `exp_revision_tracker` ENABLE KEYS */;
UNLOCK TABLES;

--
-- Table structure for table `exp_rte_tools`
--

DROP TABLE IF EXISTS `exp_rte_tools`;
/*!40101 SET @saved_cs_client     = @@character_set_client */;
/*!40101 SET character_set_client = utf8 */;
CREATE TABLE `exp_rte_tools` (
  `tool_id` int(10) unsigned NOT NULL AUTO_INCREMENT,
  `name` varchar(75) DEFAULT NULL,
  `class` varchar(75) DEFAULT NULL,
  `enabled` char(1) DEFAULT 'y',
  PRIMARY KEY (`tool_id`),
  KEY `enabled` (`enabled`)
) ENGINE=InnoDB AUTO_INCREMENT=11 DEFAULT CHARSET=utf8;
/*!40101 SET character_set_client = @saved_cs_client */;

--
-- Dumping data for table `exp_rte_tools`
--

LOCK TABLES `exp_rte_tools` WRITE;
/*!40000 ALTER TABLE `exp_rte_tools` DISABLE KEYS */;
INSERT INTO `exp_rte_tools` VALUES (1,'Blockquote','Blockquote_rte','y'),(2,'Bold','Bold_rte','y'),(3,'Headings','Headings_rte','y'),(4,'Image','Image_rte','y'),(5,'Italic','Italic_rte','y'),(6,'Link','Link_rte','y'),(7,'Ordered List','Ordered_list_rte','y'),(8,'Underline','Underline_rte','y'),(9,'Unordered List','Unordered_list_rte','y'),(10,'View Source','View_source_rte','y');
/*!40000 ALTER TABLE `exp_rte_tools` ENABLE KEYS */;
UNLOCK TABLES;

--
-- Table structure for table `exp_rte_toolsets`
--

DROP TABLE IF EXISTS `exp_rte_toolsets`;
/*!40101 SET @saved_cs_client     = @@character_set_client */;
/*!40101 SET character_set_client = utf8 */;
CREATE TABLE `exp_rte_toolsets` (
  `toolset_id` int(10) unsigned NOT NULL AUTO_INCREMENT,
  `member_id` int(10) DEFAULT '0',
  `name` varchar(100) DEFAULT NULL,
  `tools` text,
  `enabled` char(1) DEFAULT 'y',
  PRIMARY KEY (`toolset_id`),
  KEY `member_id` (`member_id`),
  KEY `enabled` (`enabled`)
) ENGINE=InnoDB AUTO_INCREMENT=2 DEFAULT CHARSET=utf8;
/*!40101 SET character_set_client = @saved_cs_client */;

--
-- Dumping data for table `exp_rte_toolsets`
--

LOCK TABLES `exp_rte_toolsets` WRITE;
/*!40000 ALTER TABLE `exp_rte_toolsets` DISABLE KEYS */;
INSERT INTO `exp_rte_toolsets` VALUES (1,0,'Default','3|2|5|1|9|7|6|4|10','y');
/*!40000 ALTER TABLE `exp_rte_toolsets` ENABLE KEYS */;
UNLOCK TABLES;

--
-- Table structure for table `exp_search`
--

DROP TABLE IF EXISTS `exp_search`;
/*!40101 SET @saved_cs_client     = @@character_set_client */;
/*!40101 SET character_set_client = utf8 */;
CREATE TABLE `exp_search` (
  `search_id` varchar(32) NOT NULL,
  `site_id` int(4) NOT NULL DEFAULT '1',
  `search_date` int(10) NOT NULL,
  `keywords` varchar(60) NOT NULL,
  `member_id` int(10) unsigned NOT NULL,
  `ip_address` varchar(45) NOT NULL,
  `total_results` int(6) NOT NULL,
  `per_page` tinyint(3) unsigned NOT NULL,
  `query` mediumtext,
  `custom_fields` mediumtext,
  `result_page` varchar(70) NOT NULL,
  PRIMARY KEY (`search_id`),
  KEY `site_id` (`site_id`)
) ENGINE=MyISAM DEFAULT CHARSET=utf8;
/*!40101 SET character_set_client = @saved_cs_client */;

--
-- Dumping data for table `exp_search`
--

LOCK TABLES `exp_search` WRITE;
/*!40000 ALTER TABLE `exp_search` DISABLE KEYS */;
/*!40000 ALTER TABLE `exp_search` ENABLE KEYS */;
UNLOCK TABLES;

--
-- Table structure for table `exp_search_log`
--

DROP TABLE IF EXISTS `exp_search_log`;
/*!40101 SET @saved_cs_client     = @@character_set_client */;
/*!40101 SET character_set_client = utf8 */;
CREATE TABLE `exp_search_log` (
  `id` int(10) NOT NULL AUTO_INCREMENT,
  `site_id` int(4) unsigned NOT NULL DEFAULT '1',
  `member_id` int(10) unsigned NOT NULL,
  `screen_name` varchar(50) NOT NULL,
  `ip_address` varchar(45) NOT NULL DEFAULT '0',
  `search_date` int(10) NOT NULL,
  `search_type` varchar(32) NOT NULL,
  `search_terms` varchar(200) NOT NULL,
  PRIMARY KEY (`id`),
  KEY `site_id` (`site_id`)
) ENGINE=MyISAM DEFAULT CHARSET=utf8;
/*!40101 SET character_set_client = @saved_cs_client */;

--
-- Dumping data for table `exp_search_log`
--

LOCK TABLES `exp_search_log` WRITE;
/*!40000 ALTER TABLE `exp_search_log` DISABLE KEYS */;
/*!40000 ALTER TABLE `exp_search_log` ENABLE KEYS */;
UNLOCK TABLES;

--
-- Table structure for table `exp_security_hashes`
--

DROP TABLE IF EXISTS `exp_security_hashes`;
/*!40101 SET @saved_cs_client     = @@character_set_client */;
/*!40101 SET character_set_client = utf8 */;
CREATE TABLE `exp_security_hashes` (
  `hash_id` int(10) unsigned NOT NULL AUTO_INCREMENT,
  `date` int(10) unsigned NOT NULL,
  `session_id` varchar(40) NOT NULL DEFAULT '0',
  `hash` varchar(40) NOT NULL,
  PRIMARY KEY (`hash_id`),
  KEY `session_id` (`session_id`)
) ENGINE=MyISAM AUTO_INCREMENT=3 DEFAULT CHARSET=utf8;
/*!40101 SET character_set_client = @saved_cs_client */;

--
-- Dumping data for table `exp_security_hashes`
--

LOCK TABLES `exp_security_hashes` WRITE;
/*!40000 ALTER TABLE `exp_security_hashes` DISABLE KEYS */;
INSERT INTO `exp_security_hashes` VALUES (2,1438879961,'444e6efbe014e95239517deb8d3eeb0501e34313','b643c744841e66582e1843c48e92ed70bfb87135');
/*!40000 ALTER TABLE `exp_security_hashes` ENABLE KEYS */;
UNLOCK TABLES;

--
-- Table structure for table `exp_sessions`
--

DROP TABLE IF EXISTS `exp_sessions`;
/*!40101 SET @saved_cs_client     = @@character_set_client */;
/*!40101 SET character_set_client = utf8 */;
CREATE TABLE `exp_sessions` (
  `session_id` varchar(40) NOT NULL DEFAULT '0',
  `member_id` int(10) NOT NULL DEFAULT '0',
  `admin_sess` tinyint(1) NOT NULL DEFAULT '0',
  `ip_address` varchar(45) NOT NULL DEFAULT '0',
  `user_agent` varchar(120) NOT NULL,
  `login_state` varchar(32) DEFAULT NULL,
  `fingerprint` varchar(40) NOT NULL,
  `sess_start` int(10) unsigned NOT NULL DEFAULT '0',
  `last_activity` int(10) unsigned NOT NULL DEFAULT '0',
  PRIMARY KEY (`session_id`),
  KEY `member_id` (`member_id`),
  KEY `last_activity_idx` (`last_activity`)
) ENGINE=MyISAM DEFAULT CHARSET=utf8;
/*!40101 SET character_set_client = @saved_cs_client */;

--
-- Dumping data for table `exp_sessions`
--

LOCK TABLES `exp_sessions` WRITE;
/*!40000 ALTER TABLE `exp_sessions` DISABLE KEYS */;
INSERT INTO `exp_sessions` VALUES ('444e6efbe014e95239517deb8d3eeb0501e34313',1,1,'fe80::1','Mozilla/5.0 (Macintosh; Intel Mac OS X 10_10_4) AppleWebKit/600.7.12 (KHTML, like Gecko) Version/8.0.7 Safari/600.7.12',NULL,'0a5b8988c8bb061af7c1d854a65ff212',1438879961,1438880124);
/*!40000 ALTER TABLE `exp_sessions` ENABLE KEYS */;
UNLOCK TABLES;

--
-- Table structure for table `exp_sites`
--

DROP TABLE IF EXISTS `exp_sites`;
/*!40101 SET @saved_cs_client     = @@character_set_client */;
/*!40101 SET character_set_client = utf8 */;
CREATE TABLE `exp_sites` (
  `site_id` int(5) unsigned NOT NULL AUTO_INCREMENT,
  `site_label` varchar(100) NOT NULL DEFAULT '',
  `site_name` varchar(50) NOT NULL DEFAULT '',
  `site_description` text,
  `site_system_preferences` mediumtext NOT NULL,
  `site_mailinglist_preferences` text NOT NULL,
  `site_member_preferences` text NOT NULL,
  `site_template_preferences` text NOT NULL,
  `site_channel_preferences` text NOT NULL,
  `site_bootstrap_checksums` text NOT NULL,
  PRIMARY KEY (`site_id`),
  KEY `site_name` (`site_name`)
) ENGINE=MyISAM AUTO_INCREMENT=2 DEFAULT CHARSET=utf8;
/*!40101 SET character_set_client = @saved_cs_client */;

--
-- Dumping data for table `exp_sites`
--

LOCK TABLES `exp_sites` WRITE;
/*!40000 ALTER TABLE `exp_sites` DISABLE KEYS */;
INSERT INTO `exp_sites` VALUES (1,'ee.upgrade','default_site',NULL,'YTo4OTp7czoxMDoic2l0ZV9pbmRleCI7czo5OiJpbmRleC5waHAiO3M6ODoic2l0ZV91cmwiO3M6MTA6Imh0dHA6Ly9lZS8iO3M6MTY6InRoZW1lX2ZvbGRlcl91cmwiO3M6MTc6Imh0dHA6Ly9lZS90aGVtZXMvIjtzOjE1OiJ3ZWJtYXN0ZXJfZW1haWwiO3M6MjI6Indlcy5iYWtlckBlbGxpc2xhYi5jb20iO3M6MTQ6IndlYm1hc3Rlcl9uYW1lIjtzOjA6IiI7czoyMDoiY2hhbm5lbF9ub21lbmNsYXR1cmUiO3M6NzoiY2hhbm5lbCI7czoxMDoibWF4X2NhY2hlcyI7czozOiIxNTAiO3M6MTE6ImNhcHRjaGFfdXJsIjtzOjI2OiJodHRwOi8vZWUvaW1hZ2VzL2NhcHRjaGFzLyI7czoxMjoiY2FwdGNoYV9wYXRoIjtzOjI4OiIvdmFyL3d3dy9lZS9pbWFnZXMvY2FwdGNoYXMvIjtzOjEyOiJjYXB0Y2hhX2ZvbnQiO3M6MToieSI7czoxMjoiY2FwdGNoYV9yYW5kIjtzOjE6InkiO3M6MjM6ImNhcHRjaGFfcmVxdWlyZV9tZW1iZXJzIjtzOjE6Im4iO3M6MTc6ImVuYWJsZV9kYl9jYWNoaW5nIjtzOjE6Im4iO3M6MTg6ImVuYWJsZV9zcWxfY2FjaGluZyI7czoxOiJuIjtzOjE4OiJmb3JjZV9xdWVyeV9zdHJpbmciO3M6MToibiI7czoxMzoic2hvd19wcm9maWxlciI7czoxOiJuIjtzOjE4OiJ0ZW1wbGF0ZV9kZWJ1Z2dpbmciO3M6MToibiI7czoxNToiaW5jbHVkZV9zZWNvbmRzIjtzOjE6Im4iO3M6MTM6ImNvb2tpZV9kb21haW4iO3M6MDoiIjtzOjExOiJjb29raWVfcGF0aCI7czowOiIiO3M6MjA6IndlYnNpdGVfc2Vzc2lvbl90eXBlIjtzOjE6ImMiO3M6MTU6ImNwX3Nlc3Npb25fdHlwZSI7czoyOiJjcyI7czoyMToiYWxsb3dfdXNlcm5hbWVfY2hhbmdlIjtzOjE6InkiO3M6MTg6ImFsbG93X211bHRpX2xvZ2lucyI7czoxOiJ5IjtzOjE2OiJwYXNzd29yZF9sb2Nrb3V0IjtzOjE6InkiO3M6MjU6InBhc3N3b3JkX2xvY2tvdXRfaW50ZXJ2YWwiO3M6MToiMSI7czoyMDoicmVxdWlyZV9pcF9mb3JfbG9naW4iO3M6MToieSI7czoyMjoicmVxdWlyZV9pcF9mb3JfcG9zdGluZyI7czoxOiJ5IjtzOjI0OiJyZXF1aXJlX3NlY3VyZV9wYXNzd29yZHMiO3M6MToibiI7czoxOToiYWxsb3dfZGljdGlvbmFyeV9wdyI7czoxOiJ5IjtzOjIzOiJuYW1lX29mX2RpY3Rpb25hcnlfZmlsZSI7czowOiIiO3M6MTc6Inhzc19jbGVhbl91cGxvYWRzIjtzOjE6InkiO3M6MTU6InJlZGlyZWN0X21ldGhvZCI7czo4OiJyZWRpcmVjdCI7czo5OiJkZWZ0X2xhbmciO3M6NzoiZW5nbGlzaCI7czo4OiJ4bWxfbGFuZyI7czoyOiJlbiI7czoxMjoic2VuZF9oZWFkZXJzIjtzOjE6InkiO3M6MTE6Imd6aXBfb3V0cHV0IjtzOjE6Im4iO3M6MTM6ImxvZ19yZWZlcnJlcnMiO3M6MToibiI7czoxMzoibWF4X3JlZmVycmVycyI7czozOiI1MDAiO3M6MTE6ImRhdGVfZm9ybWF0IjtzOjg6IiVuLyVqLyVZIjtzOjExOiJ0aW1lX2Zvcm1hdCI7czoyOiIxMiI7czoxMzoic2VydmVyX29mZnNldCI7czowOiIiO3M6MjE6ImRlZmF1bHRfc2l0ZV90aW1lem9uZSI7czoxNjoiQW1lcmljYS9OZXdfWW9yayI7czoxMzoibWFpbF9wcm90b2NvbCI7czo0OiJtYWlsIjtzOjExOiJzbXRwX3NlcnZlciI7czowOiIiO3M6MTM6InNtdHBfdXNlcm5hbWUiO3M6MDoiIjtzOjEzOiJzbXRwX3Bhc3N3b3JkIjtzOjA6IiI7czoxMToiZW1haWxfZGVidWciO3M6MToibiI7czoxMzoiZW1haWxfY2hhcnNldCI7czo1OiJ1dGYtOCI7czoxNToiZW1haWxfYmF0Y2htb2RlIjtzOjE6Im4iO3M6MTY6ImVtYWlsX2JhdGNoX3NpemUiO3M6MDoiIjtzOjExOiJtYWlsX2Zvcm1hdCI7czo1OiJwbGFpbiI7czo5OiJ3b3JkX3dyYXAiO3M6MToieSI7czoyMjoiZW1haWxfY29uc29sZV90aW1lbG9jayI7czoxOiI1IjtzOjIyOiJsb2dfZW1haWxfY29uc29sZV9tc2dzIjtzOjE6InkiO3M6ODoiY3BfdGhlbWUiO3M6NzoiZGVmYXVsdCI7czoyMToiZW1haWxfbW9kdWxlX2NhcHRjaGFzIjtzOjE6Im4iO3M6MTY6ImxvZ19zZWFyY2hfdGVybXMiO3M6MToieSI7czoxOToiZGVueV9kdXBsaWNhdGVfZGF0YSI7czoxOiJ5IjtzOjI0OiJyZWRpcmVjdF9zdWJtaXR0ZWRfbGlua3MiO3M6MToibiI7czoxNjoiZW5hYmxlX2NlbnNvcmluZyI7czoxOiJuIjtzOjE0OiJjZW5zb3JlZF93b3JkcyI7czowOiIiO3M6MTg6ImNlbnNvcl9yZXBsYWNlbWVudCI7czowOiIiO3M6MTA6ImJhbm5lZF9pcHMiO3M6MDoiIjtzOjEzOiJiYW5uZWRfZW1haWxzIjtzOjA6IiI7czoxNjoiYmFubmVkX3VzZXJuYW1lcyI7czowOiIiO3M6MTk6ImJhbm5lZF9zY3JlZW5fbmFtZXMiO3M6MDoiIjtzOjEwOiJiYW5fYWN0aW9uIjtzOjg6InJlc3RyaWN0IjtzOjExOiJiYW5fbWVzc2FnZSI7czozNDoiVGhpcyBzaXRlIGlzIGN1cnJlbnRseSB1bmF2YWlsYWJsZSI7czoxNToiYmFuX2Rlc3RpbmF0aW9uIjtzOjIxOiJodHRwOi8vd3d3LnlhaG9vLmNvbS8iO3M6MTY6ImVuYWJsZV9lbW90aWNvbnMiO3M6MToieSI7czoxMjoiZW1vdGljb25fdXJsIjtzOjI1OiJodHRwOi8vZWUvaW1hZ2VzL3NtaWxleXMvIjtzOjE5OiJyZWNvdW50X2JhdGNoX3RvdGFsIjtzOjQ6IjEwMDAiO3M6MTc6Im5ld192ZXJzaW9uX2NoZWNrIjtzOjE6InkiO3M6MTc6ImVuYWJsZV90aHJvdHRsaW5nIjtzOjE6Im4iO3M6MTc6ImJhbmlzaF9tYXNrZWRfaXBzIjtzOjE6InkiO3M6MTQ6Im1heF9wYWdlX2xvYWRzIjtzOjI6IjEwIjtzOjEzOiJ0aW1lX2ludGVydmFsIjtzOjE6IjgiO3M6MTI6ImxvY2tvdXRfdGltZSI7czoyOiIzMCI7czoxNToiYmFuaXNobWVudF90eXBlIjtzOjc6Im1lc3NhZ2UiO3M6MTQ6ImJhbmlzaG1lbnRfdXJsIjtzOjA6IiI7czoxODoiYmFuaXNobWVudF9tZXNzYWdlIjtzOjUwOiJZb3UgaGF2ZSBleGNlZWRlZCB0aGUgYWxsb3dlZCBwYWdlIGxvYWQgZnJlcXVlbmN5LiI7czoxNzoiZW5hYmxlX3NlYXJjaF9sb2ciO3M6MToieSI7czoxOToibWF4X2xvZ2dlZF9zZWFyY2hlcyI7czozOiI1MDAiO3M6MTc6InRoZW1lX2ZvbGRlcl9wYXRoIjtzOjE5OiIvdmFyL3d3dy9lZS90aGVtZXMvIjtzOjEwOiJpc19zaXRlX29uIjtzOjE6InkiO3M6MTE6InJ0ZV9lbmFibGVkIjtzOjE6InkiO3M6MjI6InJ0ZV9kZWZhdWx0X3Rvb2xzZXRfaWQiO3M6MToiMSI7czo2OiJjcF91cmwiO3M6MTA6Ii9hZG1pbi5waHAiO30=','YTozOntzOjE5OiJtYWlsaW5nbGlzdF9lbmFibGVkIjtzOjE6InkiO3M6MTg6Im1haWxpbmdsaXN0X25vdGlmeSI7czoxOiJuIjtzOjI1OiJtYWlsaW5nbGlzdF9ub3RpZnlfZW1haWxzIjtzOjA6IiI7fQ==','YTo0Njp7czoxMDoidW5fbWluX2xlbiI7czoxOiI0IjtzOjEwOiJwd19taW5fbGVuIjtzOjE6IjUiO3M6MjU6ImFsbG93X21lbWJlcl9yZWdpc3RyYXRpb24iO3M6MToibiI7czoyNToiYWxsb3dfbWVtYmVyX2xvY2FsaXphdGlvbiI7czoxOiJ5IjtzOjE4OiJyZXFfbWJyX2FjdGl2YXRpb24iO3M6NToiZW1haWwiO3M6MjM6Im5ld19tZW1iZXJfbm90aWZpY2F0aW9uIjtzOjE6Im4iO3M6MjM6Im1icl9ub3RpZmljYXRpb25fZW1haWxzIjtzOjA6IiI7czoyNDoicmVxdWlyZV90ZXJtc19vZl9zZXJ2aWNlIjtzOjE6InkiO3M6MjI6InVzZV9tZW1iZXJzaGlwX2NhcHRjaGEiO3M6MToibiI7czoyMDoiZGVmYXVsdF9tZW1iZXJfZ3JvdXAiO3M6MToiNSI7czoxNToicHJvZmlsZV90cmlnZ2VyIjtzOjY6Im1lbWJlciI7czoxMjoibWVtYmVyX3RoZW1lIjtzOjEzOiJhZ2lsZV9yZWNvcmRzIjtzOjE0OiJlbmFibGVfYXZhdGFycyI7czoxOiJ5IjtzOjIwOiJhbGxvd19hdmF0YXJfdXBsb2FkcyI7czoxOiJuIjtzOjEwOiJhdmF0YXJfdXJsIjtzOjI1OiJodHRwOi8vZWUvaW1hZ2VzL2F2YXRhcnMvIjtzOjExOiJhdmF0YXJfcGF0aCI7czoyNzoiL3Zhci93d3cvZWUvaW1hZ2VzL2F2YXRhcnMvIjtzOjE2OiJhdmF0YXJfbWF4X3dpZHRoIjtzOjM6IjEwMCI7czoxNzoiYXZhdGFyX21heF9oZWlnaHQiO3M6MzoiMTAwIjtzOjEzOiJhdmF0YXJfbWF4X2tiIjtzOjI6IjUwIjtzOjEzOiJlbmFibGVfcGhvdG9zIjtzOjE6Im4iO3M6OToicGhvdG9fdXJsIjtzOjMxOiJodHRwOi8vZWUvaW1hZ2VzL21lbWJlcl9waG90b3MvIjtzOjEwOiJwaG90b19wYXRoIjtzOjMzOiIvdmFyL3d3dy9lZS9pbWFnZXMvbWVtYmVyX3Bob3Rvcy8iO3M6MTU6InBob3RvX21heF93aWR0aCI7czozOiIxMDAiO3M6MTY6InBob3RvX21heF9oZWlnaHQiO3M6MzoiMTAwIjtzOjEyOiJwaG90b19tYXhfa2IiO3M6MjoiNTAiO3M6MTY6ImFsbG93X3NpZ25hdHVyZXMiO3M6MToieSI7czoxMzoic2lnX21heGxlbmd0aCI7czozOiI1MDAiO3M6MjE6InNpZ19hbGxvd19pbWdfaG90bGluayI7czoxOiJuIjtzOjIwOiJzaWdfYWxsb3dfaW1nX3VwbG9hZCI7czoxOiJuIjtzOjExOiJzaWdfaW1nX3VybCI7czozOToiaHR0cDovL2VlL2ltYWdlcy9zaWduYXR1cmVfYXR0YWNobWVudHMvIjtzOjEyOiJzaWdfaW1nX3BhdGgiO3M6NDE6Ii92YXIvd3d3L2VlL2ltYWdlcy9zaWduYXR1cmVfYXR0YWNobWVudHMvIjtzOjE3OiJzaWdfaW1nX21heF93aWR0aCI7czozOiI0ODAiO3M6MTg6InNpZ19pbWdfbWF4X2hlaWdodCI7czoyOiI4MCI7czoxNDoic2lnX2ltZ19tYXhfa2IiO3M6MjoiMzAiO3M6MTU6InBydl9tc2dfZW5hYmxlZCI7czoxOiJ5IjtzOjI1OiJwcnZfbXNnX2FsbG93X2F0dGFjaG1lbnRzIjtzOjE6InkiO3M6MTk6InBydl9tc2dfdXBsb2FkX3BhdGgiO3M6MzQ6Ii92YXIvd3d3L2VlL2ltYWdlcy9wbV9hdHRhY2htZW50cy8iO3M6MjM6InBydl9tc2dfbWF4X2F0dGFjaG1lbnRzIjtzOjE6IjMiO3M6MjI6InBydl9tc2dfYXR0YWNoX21heHNpemUiO3M6MzoiMjUwIjtzOjIwOiJwcnZfbXNnX2F0dGFjaF90b3RhbCI7czozOiIxMDAiO3M6MTk6InBydl9tc2dfaHRtbF9mb3JtYXQiO3M6NDoic2FmZSI7czoxODoicHJ2X21zZ19hdXRvX2xpbmtzIjtzOjE6InkiO3M6MTc6InBydl9tc2dfbWF4X2NoYXJzIjtzOjQ6IjYwMDAiO3M6MTk6Im1lbWJlcmxpc3Rfb3JkZXJfYnkiO3M6MTE6InRvdGFsX3Bvc3RzIjtzOjIxOiJtZW1iZXJsaXN0X3NvcnRfb3JkZXIiO3M6NDoiZGVzYyI7czoyMDoibWVtYmVybGlzdF9yb3dfbGltaXQiO3M6MjoiMjAiO30','YTo3OntzOjIyOiJlbmFibGVfdGVtcGxhdGVfcm91dGVzIjtzOjE6InkiO3M6MTE6InN0cmljdF91cmxzIjtzOjE6InkiO3M6ODoic2l0ZV80MDQiO3M6OToiYWJvdXQvNDA0IjtzOjE5OiJzYXZlX3RtcGxfcmV2aXNpb25zIjtzOjE6Im4iO3M6MTg6Im1heF90bXBsX3JldmlzaW9ucyI7czoxOiI1IjtzOjE1OiJzYXZlX3RtcGxfZmlsZXMiO3M6MToibiI7czoxODoidG1wbF9maWxlX2Jhc2VwYXRoIjtzOjE6Ii8iO30=','YTo5OntzOjIxOiJpbWFnZV9yZXNpemVfcHJvdG9jb2wiO3M6MzoiZ2QyIjtzOjE4OiJpbWFnZV9saWJyYXJ5X3BhdGgiO3M6MDoiIjtzOjE2OiJ0aHVtYm5haWxfcHJlZml4IjtzOjU6InRodW1iIjtzOjE0OiJ3b3JkX3NlcGFyYXRvciI7czo0OiJkYXNoIjtzOjE3OiJ1c2VfY2F0ZWdvcnlfbmFtZSI7czoxOiJuIjtzOjIyOiJyZXNlcnZlZF9jYXRlZ29yeV93b3JkIjtzOjg6ImNhdGVnb3J5IjtzOjIzOiJhdXRvX2NvbnZlcnRfaGlnaF9hc2NpaSI7czoxOiJuIjtzOjIyOiJuZXdfcG9zdHNfY2xlYXJfY2FjaGVzIjtzOjE6InkiO3M6MjM6ImF1dG9fYXNzaWduX2NhdF9wYXJlbnRzIjtzOjE6InkiO30=','YToxOntzOjIxOiIvdmFyL3d3dy9lZS9pbmRleC5waHAiO3M6MzI6ImUxMmIwMDM4ZTk3NDQzNWE1ZDdhMjRmZDRjMjNmYzgxIjt9==');
/*!40000 ALTER TABLE `exp_sites` ENABLE KEYS */;
UNLOCK TABLES;

--
-- Table structure for table `exp_snippets`
--

DROP TABLE IF EXISTS `exp_snippets`;
/*!40101 SET @saved_cs_client     = @@character_set_client */;
/*!40101 SET character_set_client = utf8 */;
CREATE TABLE `exp_snippets` (
  `snippet_id` int(10) unsigned NOT NULL AUTO_INCREMENT,
  `site_id` int(4) NOT NULL,
  `snippet_name` varchar(75) NOT NULL,
  `snippet_contents` text,
  PRIMARY KEY (`snippet_id`),
  KEY `site_id` (`site_id`)
) ENGINE=MyISAM AUTO_INCREMENT=14 DEFAULT CHARSET=utf8;
/*!40101 SET character_set_client = @saved_cs_client */;

--
-- Dumping data for table `exp_snippets`
--

LOCK TABLES `exp_snippets` WRITE;
/*!40000 ALTER TABLE `exp_snippets` DISABLE KEYS */;
INSERT INTO `exp_snippets` VALUES (1,1,'.htaccess','deny from all'),(2,1,'global_edit_this','{if author_id == logged_in_member_id OR logged_in_group_id == \"1\"}&bull; <a href=\"{cp_url}?S={cp_session_id}&amp;D=cp&amp;C=content_publish&amp;M=entry_form&amp;channel_id={channel_id}&amp;entry_id={entry_id}\">Edit This</a>{/if}'),(3,1,'global_featured_band','<div id=\"featured_band\">\n    <h2>Featured Band</h2>\n    {exp:channel:entries channel=\"news\" limit=\"1\" status=\"featured\" rdf=\"off\" disable=\"trackbacks\" category=\"2\" dynamic=\"no\"}\n    <div class=\"image\">\n        <h4><a href=\"{comment_url_title_auto_path}\"><span>{title}</span></a></h4>\n        {if news_image}\n			<img src=\"{news_image}\" alt=\"{title}\"/>\n		{/if}\n    </div>\n    {news_body}\n    {/exp:channel:entries}\n</div>'),(4,1,'global_featured_welcome','<div id=\"welcome\">\n    {exp:channel:entries channel=\"about\" url_title=\"about_the_label\" dynamic=\"no\"  limit=\"1\" disable=\"pagination|member_date|categories|category_fields|trackbacks\"}\n    {if about_image != \"\"}\n        <img src=\"{about_image}\" alt=\"map\" width=\"210\" height=\"170\" />\n    {/if}\n    {about_body}\n    <a href=\"{comment_url_title_auto_path}\">Read more about us</a>\n    {/exp:channel:entries}\n</div>'),(5,1,'global_footer','<div id=\"siteinfo\">\n    <p>Copyright @ {exp:channel:entries limit=\"1\" sort=\"asc\" disable=\"custom_fields|comments|pagination|categories\"}\n\n{if \"{entry_date format=\'%Y\'}\" != \"{current_time format=\'%Y\'}\"}{entry_date format=\"%Y\"} - {/if}{/exp:channel:entries} {current_time format=\"%Y\"}, powered by <a href=\"http://expressionengine.com\">ExpressionEngine</a></p>\n    <p class=\"logo\"><a href=\"#\">Agile Records</a></p>\n	{if group_id == \"1\"}<p>{total_queries} queries in {elapsed_time} seconds</p>{/if}\n</div> <!-- ending #siteinfo -->'),(6,1,'global_strict_urls','<!-- Strict URLS: https://docs.expressionengine.com/latest/cp/templates/global_template_preferences.html -->\n{if segment_2 != \'\'}\n  {redirect=\"404\"}\n{/if}'),(7,1,'global_stylesheets','<!-- CSS -->\n<!-- This makes use of the stylesheet= parameter, which automatically appends a time stamp to allow for the browser\'s caching mechanism to cache the stylesheet.  This allows for faster page-loads times.\nStylesheet linking is documented at https://docs.expressionengine.com/latest/templates/globals/stylesheet.html -->\n    <link href=\"{stylesheet=global_embeds/site_css}\" type=\"text/css\" rel=\"stylesheet\" media=\"screen\" />\n    <!--[if IE 6]><link href=\"{stylesheet=global_embeds/css_screen-ie6}\" type=\"text/css\" rel=\"stylesheet\" media=\"screen\" /><![endif]-->\n    <!--[if IE 7]><link href=\"{stylesheet=global_embeds/css_screen-ie7}\" type=\"text/css\" rel=\"stylesheet\" media=\"screen\" /><![endif]-->\n'),(8,1,'global_top_member','<div id=\"member\">\n\n	<!-- Utilized member conditionals: https://docs.expressionengine.com/latest/templates/globals/conditionals.html-->\n            <h4>Hello{if logged_in} {screen_name}{/if}!</h4>\n            <ul>\n				{if logged_in}\n                <li><a href=\"{path=\'member/profile\'}\">Your Home</a></li>\n                <li><a href=\"{path=LOGOUT}\">Log out</a></li>\n				{/if}\n				{if logged_out}\n				<li><a href=\"{path=\'member/register\'}\">Register</a></li>\n				<li><a href=\"{path=\'member/login\'}\">Log in</a></li>\n				{/if}\n            </ul>\n        </div> <!-- ending #member -->'),(9,1,'global_top_search','<!-- Simple Search Form: https://docs.expressionengine.com/latest/modules/search/index.html#simple \n\nThe parameters here help to identify what templates to use and where to search:\n\nResults page - result_page: https://docs.expressionengine.com/latest/modules/search/simple.html#par_result_page\n\nNo Results found: no_result_page: https://docs.expressionengine.com/latest/modules/search/simple.html#par_no_result_page\n\nsearch_in - search in titles? titles and entries? titles, entries?  https://docs.expressionengine.com/latest/modules/search/simple.html#par_search_in-->\n\n{exp:search:simple_form channel=\"news\" result_page=\"search/results\" no_result_page=\"search/no_results\" search_in=\"everywhere\"}\n<fieldset>\n    <label for=\"search\">Search:</label>\n    <input type=\"text\" name=\"keywords\" id=\"search\" value=\"\"  />\n	<input type=\"image\" id=\"submit\" name=\"submit\" class=\"submit\" src=\"{site_url}themes/site_themes/agile_records/images/spacer.gif\" />\n</fieldset>\n{/exp:search:simple_form}'),(10,1,'news_calendar','<h5>Calendar</h5>\n		<div id=\"news_calendar\">\n			\n			<!-- Channel Calendar Tag: https://docs.expressionengine.com/latest/modules/channel/calendar.html -->\n			\n			{exp:channel:calendar switch=\"calendarToday|calendarCell\" channel=\"news\"}\n			<table class=\"calendarBG\" border=\"0\" cellpadding=\"6\" cellspacing=\"1\" summary=\"My Calendar\">\n			<tr class=\"calendarHeader\">\n			<th><div class=\"calendarMonthLinks\"><a href=\"{previous_path=\'news/archives\'}\">&lt;&lt;</a></div></th>\n			<th colspan=\"5\">{date format=\"%F %Y\"}</th>\n			<th><div class=\"calendarMonthLinks\"><a class=\"calendarMonthLinks\" href=\"{next_path=\'news/archives\'}\">&gt;&gt;</a></div></th>\n			</tr>\n			<tr>\n			{calendar_heading}\n			<td class=\"calendarDayHeading\">{lang:weekday_abrev}</td>\n			{/calendar_heading}\n			</tr>\n\n			{calendar_rows }\n			{row_start}<tr>{/row_start}\n\n			{if entries}\n			<td class=\'{switch}\' align=\'center\'><a href=\"{day_path=\'news/archives\'}\">{day_number}</a></td>\n			{/if}\n\n			{if not_entries}\n			<td class=\'{switch}\' align=\'center\'>{day_number}</td>\n			{/if}\n\n			{if blank}\n			<td class=\'calendarBlank\'>{day_number}</td>\n			{/if}\n\n			{row_end}</tr>{/row_end}\n			{/calendar_rows}\n			</table>\n			{/exp:channel:calendar}\n		</div> <!-- ending #news_calendar -->'),(11,1,'news_categories','<div id=\"sidebar_category_archives\">\n      		<h5>Categories</h5>\n  			<ul id=\"categories\">\n  				<!-- Weblog Categories tag: https://docs.expressionengine.com/latest/modules/weblog/categories.html -->\n				\n  				{exp:channel:categories channel=\"news\" style=\"linear\"}\n  				<li><a href=\"{path=\'news/archives\'}\">{category_name}</a></li>\n  				{/exp:channel:categories}\n  			</ul>\n  		</div>'),(12,1,'news_month_archives','<div id=\"sidebar_date_archives\">\n    	    <h5>Date Archives</h5>\n    		<ul id=\"months\">\n    			{!-- Archive Month Link Tags: https://docs.expressionengine.com/latest/modules/weblog/archive_month_links.html --}\n		\n    			{exp:channel:month_links channel=\"news\" limit=\"50\"}\n    			<li><a href=\"{path=\'news/archives\'}\">{month}, {year}</a></li>\n    			{/exp:channel:month_links}\n    		</ul>\n    	</div>'),(13,1,'news_popular','<h5>Popular News Items</h5>\n\n<!-- Channel Entries tag ordered by track views for \"popular posts\".  See Tracking Entry Views at https://docs.expressionengine.com/latest/modules/weblog/entry_tracking.html -->\n\n{exp:channel:entries channel=\"news\" limit=\"4\" disable=\"categories|custom_fields|category_fields|trackbacks|pagination|member_data\" dynamic=\"no\"}\n	{if count == \"1\"}<ul>{/if}\n		<li><a href=\"{comment_url_title_auto_path}\">{title}</a> </li>\n	{if count == total_results}</ul>{/if}\n{/exp:channel:entries}');
/*!40000 ALTER TABLE `exp_snippets` ENABLE KEYS */;
UNLOCK TABLES;

--
-- Table structure for table `exp_specialty_templates`
--

DROP TABLE IF EXISTS `exp_specialty_templates`;
/*!40101 SET @saved_cs_client     = @@character_set_client */;
/*!40101 SET character_set_client = utf8 */;
CREATE TABLE `exp_specialty_templates` (
  `template_id` int(6) unsigned NOT NULL AUTO_INCREMENT,
  `site_id` int(4) unsigned NOT NULL DEFAULT '1',
  `enable_template` char(1) NOT NULL DEFAULT 'y',
  `template_name` varchar(50) NOT NULL,
  `data_title` varchar(80) NOT NULL,
  `template_data` text NOT NULL,
  PRIMARY KEY (`template_id`),
  KEY `template_name` (`template_name`),
  KEY `site_id` (`site_id`)
) ENGINE=MyISAM AUTO_INCREMENT=16 DEFAULT CHARSET=utf8;
/*!40101 SET character_set_client = @saved_cs_client */;

--
-- Dumping data for table `exp_specialty_templates`
--

LOCK TABLES `exp_specialty_templates` WRITE;
/*!40000 ALTER TABLE `exp_specialty_templates` DISABLE KEYS */;
INSERT INTO `exp_specialty_templates` VALUES (1,1,'y','offline_template','','<html>\n<head>\n\n<title>System Offline</title>\n\n<style type=\"text/css\">\n\nbody {\nbackground-color:	#ffffff;\nmargin:				50px;\nfont-family:		Verdana, Arial, Tahoma, Trebuchet MS, Sans-serif;\nfont-size:			11px;\ncolor:				#000;\nbackground-color:	#fff;\n}\n\na {\nfont-family:		Verdana, Arial, Tahoma, Trebuchet MS, Sans-serif;\nfont-weight:		bold;\nletter-spacing:		.09em;\ntext-decoration:	none;\ncolor:			  #330099;\nbackground-color:	transparent;\n}\n\na:visited {\ncolor:				#330099;\nbackground-color:	transparent;\n}\n\na:hover {\ncolor:				#000;\ntext-decoration:	underline;\nbackground-color:	transparent;\n}\n\n#content  {\nborder:				#999999 1px solid;\npadding:			22px 25px 14px 25px;\n}\n\nh1 {\nfont-family:		Verdana, Arial, Tahoma, Trebuchet MS, Sans-serif;\nfont-weight:		bold;\nfont-size:			14px;\ncolor:				#000;\nmargin-top: 		0;\nmargin-bottom:		14px;\n}\n\np {\nfont-family:		Verdana, Arial, Tahoma, Trebuchet MS, Sans-serif;\nfont-size: 			12px;\nfont-weight: 		normal;\nmargin-top: 		12px;\nmargin-bottom: 		14px;\ncolor: 				#000;\n}\n</style>\n\n</head>\n\n<body>\n\n<div id=\"content\">\n\n<h1>System Offline</h1>\n\n<p>This site is currently offline</p>\n\n</div>\n\n</body>\n\n</html>'),(2,1,'y','message_template','','<html>\n<head>\n\n<title>{title}</title>\n\n<meta http-equiv=\'content-type\' content=\'text/html; charset={charset}\' />\n\n{meta_refresh}\n\n<style type=\"text/css\">\n\nbody {\nbackground-color:	#ffffff;\nmargin:				50px;\nfont-family:		Verdana, Arial, Tahoma, Trebuchet MS, Sans-serif;\nfont-size:			11px;\ncolor:				#000;\nbackground-color:	#fff;\n}\n\na {\nfont-family:		Verdana, Arial, Tahoma, Trebuchet MS, Sans-serif;\nletter-spacing:		.09em;\ntext-decoration:	none;\ncolor:			  #330099;\nbackground-color:	transparent;\n}\n\na:visited {\ncolor:				#330099;\nbackground-color:	transparent;\n}\n\na:active {\ncolor:				#ccc;\nbackground-color:	transparent;\n}\n\na:hover {\ncolor:				#000;\ntext-decoration:	underline;\nbackground-color:	transparent;\n}\n\n#content  {\nborder:				#000 1px solid;\nbackground-color: 	#DEDFE3;\npadding:			22px 25px 14px 25px;\n}\n\nh1 {\nfont-family:		Verdana, Arial, Tahoma, Trebuchet MS, Sans-serif;\nfont-weight:		bold;\nfont-size:			14px;\ncolor:				#000;\nmargin-top: 		0;\nmargin-bottom:		14px;\n}\n\np {\nfont-family:		Verdana, Arial, Tahoma, Trebuchet MS, Sans-serif;\nfont-size: 			12px;\nfont-weight: 		normal;\nmargin-top: 		12px;\nmargin-bottom: 		14px;\ncolor: 				#000;\n}\n\nul {\nmargin-bottom: 		16px;\n}\n\nli {\nlist-style:			square;\nfont-family:		Verdana, Arial, Tahoma, Trebuchet MS, Sans-serif;\nfont-size: 			12px;\nfont-weight: 		normal;\nmargin-top: 		8px;\nmargin-bottom: 		8px;\ncolor: 				#000;\n}\n\n</style>\n\n</head>\n\n<body>\n\n<div id=\"content\">\n\n<h1>{heading}</h1>\n\n{content}\n\n<p>{link}</p>\n\n</div>\n\n</body>\n\n</html>'),(3,1,'y','admin_notify_reg','Notification of new member registration','New member registration site: {site_name}\n\nScreen name: {name}\nUser name: {username}\nEmail: {email}\n\nYour control panel URL: {control_panel_url}'),(4,1,'y','admin_notify_entry','A new channel entry has been posted','A new entry has been posted in the following channel:\n{channel_name}\n\nThe title of the entry is:\n{entry_title}\n\nPosted by: {name}\nEmail: {email}\n\nTo read the entry please visit:\n{entry_url}\n'),(5,1,'y','admin_notify_mailinglist','Someone has subscribed to your mailing list','A new mailing list subscription has been accepted.\n\nEmail Address: {email}\nMailing List: {mailing_list}'),(6,1,'y','admin_notify_comment','You have just received a comment','You have just received a comment for the following channel:\n{channel_name}\n\nThe title of the entry is:\n{entry_title}\n\nLocated at:\n{comment_url}\n\nPosted by: {name}\nEmail: {email}\nURL: {url}\nLocation: {location}\n\n{comment}'),(7,1,'y','mbr_activation_instructions','Enclosed is your activation code','Thank you for your new member registration.\n\nTo activate your new account, please visit the following URL:\n\n{unwrap}{activation_url}{/unwrap}\n\nThank You!\n\n{site_name}\n\n{site_url}'),(8,1,'y','forgot_password_instructions','Login information','{name},\n\nTo reset your password, please go to the following page:\n\n{reset_url}\n\nThen log in with your username: {username}\n\nIf you do not wish to reset your password, ignore this message. It will expire in 24 hours.\n\n{site_name}\n{site_url}'),(9,1,'y','validated_member_notify','Your membership account has been activated','{name},\n\nYour membership account has been activated and is ready for use.\n\nThank You!\n\n{site_name}\n{site_url}'),(10,1,'y','decline_member_validation','Your membership account has been declined','{name},\n\nWe\'re sorry but our staff has decided not to validate your membership.\n\n{site_name}\n{site_url}'),(11,1,'y','mailinglist_activation_instructions','Email Confirmation','Thank you for joining the \"{mailing_list}\" mailing list!\n\nPlease click the link below to confirm your email.\n\nIf you do not want to be added to our list, ignore this email.\n\n{unwrap}{activation_url}{/unwrap}\n\nThank You!\n\n{site_name}'),(12,1,'y','comment_notification','Someone just responded to your comment','{name_of_commenter} just responded to the entry you subscribed to at:\n{channel_name}\n\nThe title of the entry is:\n{entry_title}\n\nYou can see the comment at the following URL:\n{comment_url}\n\n{comment}\n\nTo stop receiving notifications for this comment, click here:\n{notification_removal_url}'),(13,1,'y','comments_opened_notification','New comments have been added','Responses have been added to the entry you subscribed to at:\n{channel_name}\n\nThe title of the entry is:\n{entry_title}\n\nYou can see the comments at the following URL:\n{comment_url}\n\n{comments}\n{comment}\n{/comments}\n\nTo stop receiving notifications for this entry, click here:\n{notification_removal_url}'),(14,1,'y','private_message_notification','Someone has sent you a Private Message','\n{recipient_name},\n\n{sender_name} has just sent you a Private Message titled {message_subject}.\n\nYou can see the Private Message by logging in and viewing your inbox at:\n{site_url}\n\nContent:\n\n{message_content}\n\nTo stop receiving notifications of Private Messages, turn the option off in your Email Settings.\n\n{site_name}\n{site_url}'),(15,1,'y','pm_inbox_full','Your private message mailbox is full','{recipient_name},\n\n{sender_name} has just attempted to send you a Private Message,\nbut your inbox is full, exceeding the maximum of {pm_storage_limit}.\n\nPlease log in and remove unwanted messages from your inbox at:\n{site_url}');
/*!40000 ALTER TABLE `exp_specialty_templates` ENABLE KEYS */;
UNLOCK TABLES;

--
-- Table structure for table `exp_stats`
--

DROP TABLE IF EXISTS `exp_stats`;
/*!40101 SET @saved_cs_client     = @@character_set_client */;
/*!40101 SET character_set_client = utf8 */;
CREATE TABLE `exp_stats` (
  `stat_id` int(10) unsigned NOT NULL AUTO_INCREMENT,
  `site_id` int(4) unsigned NOT NULL DEFAULT '1',
  `total_members` mediumint(7) NOT NULL DEFAULT '0',
  `recent_member_id` int(10) NOT NULL DEFAULT '0',
  `recent_member` varchar(50) NOT NULL,
  `total_entries` mediumint(8) NOT NULL DEFAULT '0',
  `total_forum_topics` mediumint(8) NOT NULL DEFAULT '0',
  `total_forum_posts` mediumint(8) NOT NULL DEFAULT '0',
  `total_comments` mediumint(8) NOT NULL DEFAULT '0',
  `last_entry_date` int(10) unsigned NOT NULL DEFAULT '0',
  `last_forum_post_date` int(10) unsigned NOT NULL DEFAULT '0',
  `last_comment_date` int(10) unsigned NOT NULL DEFAULT '0',
  `last_visitor_date` int(10) unsigned NOT NULL DEFAULT '0',
  `most_visitors` mediumint(7) NOT NULL DEFAULT '0',
  `most_visitor_date` int(10) unsigned NOT NULL DEFAULT '0',
  `last_cache_clear` int(10) unsigned NOT NULL DEFAULT '0',
  PRIMARY KEY (`stat_id`),
  KEY `site_id` (`site_id`)
) ENGINE=MyISAM AUTO_INCREMENT=2 DEFAULT CHARSET=utf8;
/*!40101 SET character_set_client = @saved_cs_client */;

--
-- Dumping data for table `exp_stats`
--

LOCK TABLES `exp_stats` WRITE;
/*!40000 ALTER TABLE `exp_stats` DISABLE KEYS */;
INSERT INTO `exp_stats` VALUES (1,1,1,1,'John J. Ransom',1,0,0,0,1437064288,0,0,1438879954,1,1438879954,1439484754);
/*!40000 ALTER TABLE `exp_stats` ENABLE KEYS */;
UNLOCK TABLES;

--
-- Table structure for table `exp_status_groups`
--

DROP TABLE IF EXISTS `exp_status_groups`;
/*!40101 SET @saved_cs_client     = @@character_set_client */;
/*!40101 SET character_set_client = utf8 */;
CREATE TABLE `exp_status_groups` (
  `group_id` int(4) unsigned NOT NULL AUTO_INCREMENT,
  `site_id` int(4) unsigned NOT NULL DEFAULT '1',
  `group_name` varchar(50) NOT NULL,
  PRIMARY KEY (`group_id`),
  KEY `site_id` (`site_id`)
) ENGINE=MyISAM AUTO_INCREMENT=2 DEFAULT CHARSET=utf8;
/*!40101 SET character_set_client = @saved_cs_client */;

--
-- Dumping data for table `exp_status_groups`
--

LOCK TABLES `exp_status_groups` WRITE;
/*!40000 ALTER TABLE `exp_status_groups` DISABLE KEYS */;
INSERT INTO `exp_status_groups` VALUES (1,1,'Statuses');
/*!40000 ALTER TABLE `exp_status_groups` ENABLE KEYS */;
UNLOCK TABLES;

--
-- Table structure for table `exp_status_no_access`
--

DROP TABLE IF EXISTS `exp_status_no_access`;
/*!40101 SET @saved_cs_client     = @@character_set_client */;
/*!40101 SET character_set_client = utf8 */;
CREATE TABLE `exp_status_no_access` (
  `status_id` int(6) unsigned NOT NULL,
  `member_group` smallint(4) unsigned NOT NULL,
  PRIMARY KEY (`status_id`,`member_group`)
) ENGINE=MyISAM DEFAULT CHARSET=utf8;
/*!40101 SET character_set_client = @saved_cs_client */;

--
-- Dumping data for table `exp_status_no_access`
--

LOCK TABLES `exp_status_no_access` WRITE;
/*!40000 ALTER TABLE `exp_status_no_access` DISABLE KEYS */;
/*!40000 ALTER TABLE `exp_status_no_access` ENABLE KEYS */;
UNLOCK TABLES;

--
-- Table structure for table `exp_statuses`
--

DROP TABLE IF EXISTS `exp_statuses`;
/*!40101 SET @saved_cs_client     = @@character_set_client */;
/*!40101 SET character_set_client = utf8 */;
CREATE TABLE `exp_statuses` (
  `status_id` int(6) unsigned NOT NULL AUTO_INCREMENT,
  `site_id` int(4) unsigned NOT NULL DEFAULT '1',
  `group_id` int(4) unsigned NOT NULL,
  `status` varchar(50) NOT NULL,
  `status_order` int(3) unsigned NOT NULL,
  `highlight` varchar(30) NOT NULL,
  PRIMARY KEY (`status_id`),
  KEY `group_id` (`group_id`),
  KEY `site_id` (`site_id`)
) ENGINE=MyISAM AUTO_INCREMENT=4 DEFAULT CHARSET=utf8;
/*!40101 SET character_set_client = @saved_cs_client */;

--
-- Dumping data for table `exp_statuses`
--

LOCK TABLES `exp_statuses` WRITE;
/*!40000 ALTER TABLE `exp_statuses` DISABLE KEYS */;
INSERT INTO `exp_statuses` VALUES (1,1,1,'open',1,'009933'),(2,1,1,'closed',2,'990000'),(3,1,1,'Featured',3,'000000');
/*!40000 ALTER TABLE `exp_statuses` ENABLE KEYS */;
UNLOCK TABLES;

--
-- Table structure for table `exp_template_groups`
--

DROP TABLE IF EXISTS `exp_template_groups`;
/*!40101 SET @saved_cs_client     = @@character_set_client */;
/*!40101 SET character_set_client = utf8 */;
CREATE TABLE `exp_template_groups` (
  `group_id` int(6) unsigned NOT NULL AUTO_INCREMENT,
  `site_id` int(4) unsigned NOT NULL DEFAULT '1',
  `group_name` varchar(50) NOT NULL,
  `group_order` int(3) unsigned NOT NULL,
  `is_site_default` char(1) NOT NULL DEFAULT 'n',
  PRIMARY KEY (`group_id`),
  KEY `site_id` (`site_id`),
  KEY `group_name_idx` (`group_name`),
  KEY `group_order_idx` (`group_order`)
) ENGINE=MyISAM AUTO_INCREMENT=5 DEFAULT CHARSET=utf8;
/*!40101 SET character_set_client = @saved_cs_client */;

--
-- Dumping data for table `exp_template_groups`
--

LOCK TABLES `exp_template_groups` WRITE;
/*!40000 ALTER TABLE `exp_template_groups` DISABLE KEYS */;
INSERT INTO `exp_template_groups` VALUES (1,1,'about',1,'n'),(2,1,'global_embeds',2,'n'),(3,1,'news',3,'y'),(4,1,'search',4,'n');
/*!40000 ALTER TABLE `exp_template_groups` ENABLE KEYS */;
UNLOCK TABLES;

--
-- Table structure for table `exp_template_member_groups`
--

DROP TABLE IF EXISTS `exp_template_member_groups`;
/*!40101 SET @saved_cs_client     = @@character_set_client */;
/*!40101 SET character_set_client = utf8 */;
CREATE TABLE `exp_template_member_groups` (
  `group_id` smallint(4) unsigned NOT NULL,
  `template_group_id` mediumint(5) unsigned NOT NULL,
  PRIMARY KEY (`group_id`,`template_group_id`)
) ENGINE=MyISAM DEFAULT CHARSET=utf8;
/*!40101 SET character_set_client = @saved_cs_client */;

--
-- Dumping data for table `exp_template_member_groups`
--

LOCK TABLES `exp_template_member_groups` WRITE;
/*!40000 ALTER TABLE `exp_template_member_groups` DISABLE KEYS */;
/*!40000 ALTER TABLE `exp_template_member_groups` ENABLE KEYS */;
UNLOCK TABLES;

--
-- Table structure for table `exp_template_no_access`
--

DROP TABLE IF EXISTS `exp_template_no_access`;
/*!40101 SET @saved_cs_client     = @@character_set_client */;
/*!40101 SET character_set_client = utf8 */;
CREATE TABLE `exp_template_no_access` (
  `template_id` int(6) unsigned NOT NULL,
  `member_group` smallint(4) unsigned NOT NULL,
  PRIMARY KEY (`template_id`,`member_group`)
) ENGINE=MyISAM DEFAULT CHARSET=utf8;
/*!40101 SET character_set_client = @saved_cs_client */;

--
-- Dumping data for table `exp_template_no_access`
--

LOCK TABLES `exp_template_no_access` WRITE;
/*!40000 ALTER TABLE `exp_template_no_access` DISABLE KEYS */;
INSERT INTO `exp_template_no_access` VALUES (1,2),(2,2),(3,2),(4,2),(4,3),(4,4),(4,5),(5,2),(6,2),(7,2),(8,2),(9,2),(10,2),(11,2),(12,2),(13,2),(14,2),(15,2),(16,2),(16,3),(16,4),(16,5),(17,2),(18,2);
/*!40000 ALTER TABLE `exp_template_no_access` ENABLE KEYS */;
UNLOCK TABLES;

--
-- Table structure for table `exp_template_routes`
--

DROP TABLE IF EXISTS `exp_template_routes`;
/*!40101 SET @saved_cs_client     = @@character_set_client */;
/*!40101 SET character_set_client = utf8 */;
CREATE TABLE `exp_template_routes` (
  `route_id` int(10) unsigned NOT NULL AUTO_INCREMENT,
  `template_id` int(10) unsigned NOT NULL,
  `order` int(10) unsigned DEFAULT NULL,
  `route` varchar(512) DEFAULT NULL,
  `route_parsed` varchar(512) DEFAULT NULL,
  `route_required` char(1) NOT NULL DEFAULT 'n',
  PRIMARY KEY (`route_id`),
  KEY `template_id` (`template_id`)
) ENGINE=MyISAM DEFAULT CHARSET=utf8;
/*!40101 SET character_set_client = @saved_cs_client */;

--
-- Dumping data for table `exp_template_routes`
--

LOCK TABLES `exp_template_routes` WRITE;
/*!40000 ALTER TABLE `exp_template_routes` DISABLE KEYS */;
/*!40000 ALTER TABLE `exp_template_routes` ENABLE KEYS */;
UNLOCK TABLES;

--
-- Table structure for table `exp_templates`
--

DROP TABLE IF EXISTS `exp_templates`;
/*!40101 SET @saved_cs_client     = @@character_set_client */;
/*!40101 SET character_set_client = utf8 */;
CREATE TABLE `exp_templates` (
  `template_id` int(10) unsigned NOT NULL AUTO_INCREMENT,
  `site_id` int(4) unsigned NOT NULL DEFAULT '1',
  `group_id` int(6) unsigned NOT NULL,
  `template_name` varchar(50) NOT NULL,
  `save_template_file` char(1) NOT NULL DEFAULT 'n',
  `template_type` varchar(16) NOT NULL DEFAULT 'webpage',
  `template_data` mediumtext,
  `template_notes` text,
  `edit_date` int(10) NOT NULL DEFAULT '0',
  `last_author_id` int(10) unsigned NOT NULL DEFAULT '0',
  `cache` char(1) NOT NULL DEFAULT 'n',
  `refresh` int(6) unsigned NOT NULL DEFAULT '0',
  `no_auth_bounce` varchar(50) NOT NULL DEFAULT '',
  `enable_http_auth` char(1) NOT NULL DEFAULT 'n',
  `allow_php` char(1) NOT NULL DEFAULT 'n',
  `php_parse_location` char(1) NOT NULL DEFAULT 'o',
  `hits` int(10) unsigned NOT NULL DEFAULT '0',
  `protect_javascript` char(1) NOT NULL DEFAULT 'n',
  PRIMARY KEY (`template_id`),
  KEY `group_id` (`group_id`),
  KEY `template_name` (`template_name`),
  KEY `site_id` (`site_id`)
) ENGINE=MyISAM AUTO_INCREMENT=19 DEFAULT CHARSET=utf8;
/*!40101 SET character_set_client = @saved_cs_client */;

--
-- Dumping data for table `exp_templates`
--

LOCK TABLES `exp_templates` WRITE;
/*!40000 ALTER TABLE `exp_templates` DISABLE KEYS */;
INSERT INTO `exp_templates` VALUES (1,1,1,'index','n','webpage','{!-- Explanations and learning materials can be found in news/index and the other news template groups.  In-line comments here are only for features not introduced in news/index. --}\n{html_head}\n	<title>{site_name}: Contact Us</title>\n{global_stylesheets}\n\n{rss}\n{favicon}\n{html_head_end}\n	<body>\n{nav_access}\n	{branding_begin}\n			{embed=\"global_embeds/_top_nav\" loc=\"about\"}\n			{global_top_search}\n			{global_top_member}\n	{branding_end}\n	{wrapper_begin}\n{embed=\"global_embeds/_page_header\" header=\"About\"}\n\n\n<div id=\"feature\" class=\"about\">\n	{exp:channel:entries channel=\"about\" url_title=\"about_the_label\" dynamic=\"no\"  limit=\"1\" disable=\"pagination|member_data|categories|category_fields\"}\n		<h3 class=\"about\">{title}</h3>\n		{about_body}\n	{/exp:channel:entries}\n</div> <!-- ending #feature -->\n\n	<div class=\"feature_end\"></div>\n\n<div id=\"content_pri\" class=\"about\"> <!-- This is where all primary content, left column gets entered -->\n\n		<!-- Standard Channel Entries tag, but instead of relying on the URL for what to display, we request a specific entry for display via url-title:\n	https://docs.expressionengine.com/latest/modules/channel/parameters.html#par_url_title\n\n	and we force the channel entries tag to ignore the URL and always deliver the same content by using dynamic=\"no\":\n\n	https://docs.expressionengine.com/latest/modules/channel/parameters.html#par_dynamic\n	-->\n\n		{exp:channel:entries channel=\"about\" dynamic=\"no\" url_title=\"about_the_label\" limit=\"1\" disable=\"pagination|member_data|categories|category_fields\"}\n			{about_extended}\n		{/exp:channel:entries}\n</div>\n\n<div id=\"content_sec\" class=\"staff_profiles right green40\">\n		<h3 class=\"staff\">Staff Profiles</h3>\n		{exp:channel:entries channel=\"about\" limit=\"6\" category=\"3\" dynamic=\"off\" orderby=\"date\" sort=\"asc\"}\n			{if count == \"1\"}<ul class=\"staff_member\">{/if}\n				<li class=\"{switch=\"||end\"}\">\n					<h4>{title} <a href=\"#\">i</a></h4>\n					<div class=\"profile\">\n						{about_staff_title}\n					</div>\n					<img src=\"{about_image}\" alt=\"{title}\" />\n				</li>\n			{if count == total_results}</ul>{/if}\n		{/exp:channel:entries}\n\n</div>	<!-- ending #content_sec -->\n\n\n\n{global_footer}\n{wrapper_close}\n{js}\n{html_close}\n',NULL,1437064288,1,'n',0,'','n','n','o',0,'n'),(2,1,1,'404','n','webpage','{!-- Explanations and learning materials can be found in news/index and the other news template groups.  In-line comments here are only for features not introduced in news/index. --}\n{html_head}\n	<title>{site_name}: Not Found</title>\n{global_stylesheets}\n\n{rss}\n{favicon}\n{html_head_end}\n	<body>\n{nav_access}\n	{branding_begin}\n			{embed=\"global_embeds/_top_nav\" loc=\"contact\"}\n			{global_top_search}\n			{global_top_member}\n	{branding_end}\n	{wrapper_begin}\n{embed=\"global_embeds/_page_header\" header=\"Not Found\"}\n\n\n	<div id=\"content_pri\"> <!-- This is where all primary content, left column gets entered -->\n		<h4>Not Found</h4>\n				 <p>The page you attempted to load was Not Found.  Please try again.</p>\n	</div>\n\n\n		<div id=\"content_sec\" class=\"right green40\">\n			<h3 class=\"oldernews\">Browse Older News</h3>\n			<div id=\"news_archives\">\n				<div id=\"categories_box\">\n				{news_categories}\n				</div>\n				<div id=\"month_box\">\n				{news_month_archives}\n				</div>\n			</div> <!-- ending #news_archives -->\n\n			{news_calendar}\n\n			{news_popular}\n\n		{rss_links}\n\n		</div>	<!-- ending #content_sec -->\n\n	{global_footer}\n	{wrapper_close}\n	{js}\n	{html_close}\n',NULL,1437064288,1,'n',0,'','n','n','o',0,'n'),(3,1,1,'contact','n','webpage','{!-- Explanations and learning materials can be found in news/index and the other news template groups.  In-line comments here are only for features not introduced in news/index. --}\n{html_head}\n	<title>{site_name}: Contact Us</title>\n{global_stylesheets}\n\n{rss}\n{favicon}\n{html_head_end}\n	<body>\n{nav_access}\n	{branding_begin}\n			{embed=\"global_embeds/_top_nav\" loc=\"contact\"}\n			{global_top_search}\n			{global_top_member}\n	{branding_end}\n	{wrapper_begin}\n{embed=\"global_embeds/_page_header\" header=\"Contact Us\"}\n    <div id=\"feature\" class=\"contact\">\n		<h3 class=\"getintouch\">Get in Touch</h3>\n\n\n<p>Lorem ipsum dolor sit amet, consectetur adipisicing elit, sed do eiusmod tempor incididunt ut labore et dolore magna aliqua. Ut enim ad minim veniam, quis nostrud exercitation ullamco laboris nisi ut aliquip ex ea commodo consequat. Duis aute irure dolor in reprehenderit in voluptate velit esse cillum dolore eu fugiat .</p>\n</div> <!-- ending #feature -->\n\n	<div class=\"feature_end\"></div>\n\n	<div id=\"content_pri\" class=\"contact\"> <!-- This is where all primary content, left column gets entered -->\n\n			<!-- This uses the Email Module\'s Contact Form: https://docs.expressionengine.com/latest/modules/email/contact_form.html -->\n			{exp:email:contact_form user_recipients=\"false\" recipients=\"admin@example.com\" charset=\"utf-8\"}\n			<fieldset id=\"contact_fields\">\n			<label for=\"from\">\n				<span>Your Email:</span>\n				<input type=\"text\" id=\"from\" name=\"from\" value=\"{member_email}\" />\n			</label>\n\n			<label for=\"subject\">\n				<span>Subject:</span>\n				<input type=\"text\" id=\"subject\" name=\"subject\" size=\"40\" value=\"Contact Form\" />\n			</label>\n\n			<label for=\"message\">\n				<span>Message:</span>\n				<textarea id=\"message\" name=\"message\" rows=\"18\" cols=\"40\">Email from: {member_name}, Sent at: {current_time format=\"%Y %m %d\"}</textarea>\n			</label>\n			</fieldset>\n\n			<fieldset id=\"contact_action\">\n				<p>We will never pass on your details to third parties.</p>\n				<input name=\"submit\" type=\'submit\' value=\'Submit\' id=\'contactSubmit\' />\n			</fieldset>\n			{/exp:email:contact_form}\n	</div>\n\n	<div id=\"content_sec\" class=\"contact\">\n		<h3 class=\"address\">Address</h3>\n		 <p>\n			12343 Valencia Street,<br />\n			Mission District,<br />\n			San Francisco,<br />\n			California,<br />\n			ZIP 123\n			 </p>\n	<p><img src=\"{site_url}images/about/map2.jpg\" alt=\"\" /></p>\n\n	</div>	<!-- ending #content_sec -->\n\n{global_footer}\n{wrapper_close}\n{js}\n{html_close}\n',NULL,1437064288,1,'n',0,'','n','n','o',0,'n'),(4,1,2,'index','n','webpage','',NULL,1437064288,1,'n',0,'','n','n','o',0,'n'),(5,1,2,'_page_header','n','webpage','<div id=\"page_header\">\n        <h2>{embed:header}</h2>\n    </div>\n',NULL,1437064288,1,'n',0,'','n','n','o',0,'n'),(6,1,2,'_top_nav','n','webpage',' <ul id=\"navigation_pri\">\n            <li id=\"home\" {if embed:loc== \"home\"}class=\"cur\"{/if}><a href=\"{homepage}\">Home</a></li>\n            <li id=\"events\" {if embed:loc == \"about\"}class=\"cur\"{/if}><a href=\"{path=\'about/index\'}\">About</a></li>\n            <li id=\"contact\" {if embed:loc==\"contact\"}class=\"cur\"{/if}><a href=\"{path=\'about/contact\'}\">Contact</a></li>\n        </ul>',NULL,1437064288,1,'n',0,'','n','n','o',0,'n'),(7,1,2,'css_screen-ie6','n','css','/*\n\n	AGILE RECORDS, EE2.0 EXAMPLE SITE by ERSKINE DESIGN\n	VERSION 1.0\n	IE6 OVERRIDE STYLES\n	\n	CONTENTS ----------\n	\n	\n	\n	-------------------\n	\n*/\n\n\n\nul#nav_access { position:static; display:none; }\n\ndiv#feature { margin-bottom:10px !important; }\nhr.legend_start,\nhr.feature_end { display:none !important; }\n\n/* TABLES */\n\ntable { background-image:none; background-color:#ddd; font-size:12px; }\ntr.alt { background-image:none; background-color:#eee; }\nth { background-image:none; background-color:#ddd; }\n\n\n\n/* LAYOUT */\n\ndiv#feature { width:950px; overflow:hidden; float:none; padding:30px 0; position:static; margin:0; background:url({site_url}themes/site_themes/agile_records/images/feature_bg.jpg); margin-bottom:30px; }\ndiv#page_header { background-image:none; background-color:#6b5f57; height:40px; z-index:3; position:static; top:0px; margin-bottom:0; padding-bottom:10px; }\n\ndiv#branding { height:290px; background:url({site_url}themes/site_themes/agile_records/images/ie_branding_bg.gif) repeat-x center top; position:relative; z-index:2; }\ndiv#branding_sub { width:930px; margin:0 auto; position:relative; }\n\ndiv#page { background:url({site_url}themes/site_themes/agile_records/images/page_bg.jpg); }\n\ndiv#content_pri { display:inline; }\ndiv#content_sec { }\n\n\n\n/* BRANDING/MASTHEAD */\n\ndiv#branding_logo { background:url({site_url}themes/site_themes/agile_records/images/ie_branding_sub_bg.gif) no-repeat left top; }\ndiv#branding_sub h1 a { position:static; background:url({site_url}themes/site_themes/agile_records/images/logo_bg.jpg) no-repeat bottom left; }\ndiv#branding_sub div#member { background:none; }\ndiv#branding_sub form { background:url({site_url}themes/site_themes/agile_records/images/ie_search_bg.jpg) no-repeat; }\n\n\n\n\n/* NAVIGATION */\n\nul#navigation_pri { background-image:none; background-color:#2f261d; }\nul#navigation_pri li { height:auto; text-indent:0; font-family:\"Cooper Black\",Arial; font-weight:bold; }\nul#navigation_pri li a:link,\nul#navigation_pri li a:visited { background:none; text-decoration:none; color:#a09f9d;}\nul#navigation_pri li a:hover,\nul#navigation_pri li a:focus { color:#ccc;}\nul#navigation_pri li.cur a:link,\nul#navigation_pri li.cur a:visited,\nul#navigation_pri li.cur a:hover,\nul#navigation_pri li.cur a:focus { color:#d55401; }\nul#navigation_pri li#home,\nul#navigation_pri li#events,\nul#navigation_pri li#contact { top:8px; }\nul#navigation_pri li#bands,\nul#navigation_pri li#news,\nul#navigation_pri li#forums { top:30px; }\nul#navigation_pri li#releases,\nul#navigation_pri li#about,\nul#navigation_pri li#wiki { top:54px; }\n\n\n\n/* HEADINGS */\ndiv#page_header { height:1px; z-index:99; position:static; top:0; margin-bottom:0; }\ndiv#page_header h2 { text-indent:0 !important; background:none !important; color:#e6e6e6 !important; padding-top:15px !important; float:left;}\ndiv#page_header ol#breadcrumbs { margin-top:10px; padding:0; background:none; }\ndiv#page_header ol#breadcrumbs li { margin-left:10px; }\n\nh2,h3 { text-indent:0 !important; background:none !important; width:auto !important; height:auto !important; }\n\n\n\n/* HOMEPAGE */\n\n.home div#feature div#featured_band { width:450px; float:left; position:static; margin:0px; }\n.home div#feature div#featured_band h2 { margin-bottom:5px; width:auto; height:auto; text-indent:0; background:none; }\n\n.home div#content_sec { display:inline; margin:0 30px 0 10px; }\n\n.home div#feature div#featured_band div.image { width:300px; height:200px; left:0; bottom:-10px; margin:0 10px 0 10px; padding:0; display:inline; }\n.home div#feature div#featured_band div.image h4 { height:auto; width:auto; background:none; margin:0; top:auto; bottom:0; }\n.home div#feature div#featured_band div.image h4 span { position:static; background:none; }\n.home div#feature div#featured_band div.image img { top:0; left:0; }\n\n.home div#homepage_events ul { padding-bottom:30px; }\n.home div#homepage_events ul li a { background:none !important; text-indent:0 !important; text-align:center; color:#fff; font-weight:bold; }\n\n.home div#homepage_forums ul,\n.home div#homepage_rss p,\n.home div#homepage_rss ul { background-image:none; background-color:#eee; }\n\n\n\n/* BANDS */\n\n.bands ul#bands1 li.one { width:450px; height:300px; left:-480px; top:0; margin-right:-450px; margin-bottom:30px; }\n.bands ul#bands1 li.one img { top:0; left:0; }\n \n.bands ul#bands1 li.two img,\n.bands ul#bands1 li.three img { padding:0; background:none; position:static; margin:0; margin:0 10px; }\n\n.band div#band_image { width:450px; height:300px; float:left; position:relative; left:10px; top:0px; margin:0 30px 30px 0; display:inline; }\n.band div#band_image img { top:0; left:0; }\n\ndiv#band_latestrelease { padding:20px; overflow:hidden; color:#d6d6d6; margin-left:10px; }\ndiv#band_latestrelease h3 { padding-top:20px; }\n\n.band div#content_pri { display:inline; }\n\n.band div#band_events ul { padding-bottom:30px; }\n.band div#band_events ul li a { background:none !important; text-indent:0 !important; text-align:center; color:#fff; font-weight:bold; }\n\n.band div#band_more ul { background-image:none; background-color:#eee; }\n\n\n\n/* RELEASES */\n\n.releases div#content_pri table th { background:none; text-indent:0; color:#fff; }\n.releases div#content_pri table th.release_details { width:360px; padding-right:30px; background:none; }\n.releases div#content_pri table th.release_catno { width:80px; background:none; }\n.releases div#content_pri table th.release_format { width:120px; background:none; text-align:center; }\n\n.releases div#content_pri table tr { background-image:none; background-color:#a3a39c; }\n.releases div#content_pri table tr.releases_head { background:none; }\n.releases div#content_pri table tr.alt { background-image:none; background-color:#c1c1bc; }\n\n.release div#content_pri { display:inline; padding-top:30px;}\n.release div#content_sec { padding:0; padding-top:30px; background:none; position:relative; left:-10px; }\n\n.release div#release_details { border-bottom:1px solid blue; }\n.release div#release_details span { font-family:Georgia,serif; font-style:italic; }\n.release div#release_details ul { list-style:url({site_url}themes/site_themes/agile_records/images/pixel.gif); }\n\n.release div#release_tracks div.release_format { float:left; padding-bottom:20px; margin-bottom:20px; }\n\n\n\n/* EVENTS */\n\n.events div#content_pri { display:inline; }\n\n\n\n/* NEWS */\n\n.news div#content_pri { display:inline; padding:30px 0; }\n.news div#content_sec { margin:30px 0 ; }\n\n.news div#news_calendar h6 a.prev { position:static; }\n.news div#news_calendar h6 a.next { position:static; }\n\n.news div#news_calendar { background-image:none; background-color:#cfcfcb; }\n.news div#news_calendar table td.post { background-image:none; background-color:#d7d7d3; }\n\n.news div#news_rss { background-image:none; background-color:#cfcfcb; }\n\ndiv#news_comments ol li { background-image:none; background-color:#f1f1f1; }\ndiv#news_comments ol li.alt { background-image:none; background-color:#e7e7e7; }\n\ndiv#news_comments fieldset#comment_fields label { display:block; width:320px; }\ndiv#news_comments fieldset#comment_fields label.comment { width:530px; }\ndiv#news_comments fieldset#comment_fields label span { width:80px; float:none; position:relative; top:20px; }\ndiv#news_comments fieldset#comment_fields label input { float:right; }\ndiv#news_comments fieldset#comment_fields label textarea { float:right; }\n\ndiv#news_comments fieldset#comment_fields label input,\ndiv#news_comments fieldset#comment_fields label textarea { background-image:none; background-color:#f1f1f1; }\n\n\n\n/* FORUMS */\n\n.forums div#content_pri { display:inline; }\n.forums div#content_sec { background-image:none; background-color:#f1f1f1; }\n\n.forums #page_header form { position:absolute; left:770px; padding-top:5px; }\n.forums #page_header form input.search { padding:1px; margin-right:10px;}\n.forums #page_header form input.submit { padding:0; position:relative; top:5px; }\n\n.forums div#content_pri h3 { background-color:#71715f !important; }\n\ndiv.forum_posts { background-image:none; background-color:#9e9e94; }\ndiv.forum_posts table tr td { background-image:none; background-color:#d0d0cc;}\ndiv.forum_posts table tr.alt td { background-image:none; background-color:#b3b3ab; }\n\ndiv.forum_posts table tr th { text-indent:0; color:#fff; }\ndiv.forum_posts table tr th.forum_name,\ndiv.forum_posts table tr th.forum_topics,\ndiv.forum_posts table tr th.forum_replies,\ndiv.forum_posts table tr th.forum_latest { background-image:none; }\n\ndiv.forum_posts table td.forum_newpostindicator img { position:static; }\n\n.forums div#legend div#forum_stats ul.legend { float:left; background-image:none; background-color:#cecec8; }\n.forums div#legend div#forum_stats p.most_visitors { background-image:none; background-color:#ecd2c3; }\n\n\n\n/* WIKI */\n\n.wiki div#navigation_sec { padding-top:57px; display:inline;  behavior: url(css/iepngfix/iepngfix.htc); }\n.wiki div#navigation_sec ul { background:url({site_url}themes/site_themes/agile_records/images/ie_wiki_menubg.jpg) repeat-y 5px top ; }\n.wiki div#navigation_sec div.bottom { behavior: url(css/iepngfix/iepngfix.htc); }\n\n\n\n/* MEMBERS CONTROL PANEL */\n\n.member_cp div#navigation_sec { display:inline; background-image:none; background-color:#9c9b92; }\n.member_cp div#navigation_sec h4 a.expand { display:none; }\n\n.member_cp div#content_pri table tr { background-image:none; background-color:#f1f1f1; }\n.member_cp div#content_pri table tr.alt { background-image:none; background-color:#e7e7e7; }\n.member_cp div#content_pri table tr th { background-image:none; background-color:#f1f1f1; }\n.member_cp div#content_pri table tr.alt th { background-image:none; background-color:#e7e7e7; }\n\n\n\n/* MEMBER PROFILE */\n\n.member_profile div#feature div#memberprofile_main { background-image:none; background-color:#cecec8; margin:20px 0 0 10px; }\n.member_profile div#feature div#memberprofile_main ul { padding:0 0 10px 0; }\n\n.member_profile div#feature div#memberprofile_photo { float:left; width:210px; height:180px; background:none; position:relative; left:-20px; }\n.member_profile div#feature div#memberprofile_photo img { width:206px; height:176px; border:3px solid #6b5f57; position:static; }\n\n.member_profile div#feature div#memberprofile_communicate { background-image:none; background-color:#adada3; margin-top:5px; } \n.member_profile div#feature div#memberprofile_communicate table tr { background-image:none; background-color:#cdcdc7; }\n.member_profile div#feature div#memberprofile_communicate table tr.alt { background-image:none; background-color:#bebeb7; }\n\n.member_profile div#content_pri table tr,\n.member_profile div#content_sec table tr { background-image:none; background-color:#f1f1f1; }\n.member_profile div#content_pri table tr.alt,\n.member_profile div#content_sec table tr.alt { background-image:none; background-color:#e7e7e7; }\n\n.member_profile div#content_pri table tr th,\n.member_profile div#content_sec table tr th { background-image:none; background-color:#f1f1f1; }\n.member_profile div#content_pri table tr.alt th,\n.member_profile div#content_sec table tr.alt th { background-image:none; background-color:#e7e7e7; }\n\n\n',NULL,1437064288,1,'n',0,'','n','n','o',0,'n'),(8,1,2,'css_screen-ie7','n','css','body {position:relative;}\ndiv#branding {margin:0 auto;}\n\n\ndiv#content_wrapper {position:relative;}\n\ndiv.feature_end {margin-top:0; }\ndiv#content_pri {float:left;margin:0 30px 0 10px;width:600px; padding-left:10px;}\ndiv#content_sec {float:left;width:270px; position:relative; z-index:999;}\n\ndiv#content_pri.contact {width:520px; margin-right:110px;}\ndiv#content_sec.contact {float:right; margin: 0 10px -140px auto; }\n\n\ndiv#page_header {position:relative;z-index:1;}\n\ndiv#feature{top:-10px;float:none;margin-bottom:30px;padding-top:25px;padding-top:10px;position:relative;width:950px;z-index:900;display:block;}\n\ndiv.feature_end {clear:none;height:35px;margin-bottom:20px;margin-top:-40px;width:950px;}\n\n/*#content_wrapper.member_cp {padding:0 10px;} */\n#content_wrapper.member_cp table {width:550px;}\n\ndiv#navigation_sec.member_cp { \n	width:150px; \n	left:10px;\n}\n\ndiv#content_wrapper.member_cp form {margin-left:200px;}',NULL,1437064288,1,'n',0,'','n','n','o',0,'n'),(9,1,2,'site_css','n','css','html,body,div,span,applet,object,iframe,h1,h2,h3,h4,h5,h6,p,blockquote,pre,a,abbr,acronym,address,big,cite,code,del,dfn,em,font,img,ins,kbd,q,s,samp,small,strike,strong,sub,sup,tt,var,dl,dt,dd,ol,ul,li,fieldset,form,label,legend,table,caption,tbody,tfoot,thead,tr,th,td,hr{margin:0;padding:0;border:0;outline:0;font-weight:inherit;font-style:inherit;font-size:100%;font-family:inherit;vertical-align:baseline;}:focus{outline:0;}body{line-height:1;color:black;background:white;}ol,ul{list-style:none;}table{border-collapse:collapse;border-spacing:0;}caption,th,td{text-align:left;font-weight:normal;}blockquote:before,blockquote:after,q:before,q:after{content:\"\";}blockquote,q{quotes:\"\"\"\";}@font-face{font-family:\'miso\';src:url(\'{site_url}themes/site_themes/agile_records/fonts/miso-bold.ttf\');}body{background:#ccc url({site_url}themes/site_themes/agile_records/images/body_bg.jpg) top center;font-size:13px;font-family:Arial,sans-serif;}ul#nav_access{position:absolute;top:-9999px;left:-9999px;}p,ul,dl,ol{margin-bottom:22px;line-height:22px;}ul{list-style:url({site_url}themes/site_themes/agile_records/images/bullet.jpg);}ul li{margin-left:12px;}ol{list-style:decimal;list-style-position:inside;}hr{height:0;border-top:1px solid #ccc;margin-bottom:22px;}abbr{border-bottom:1px dotted;}strong{font-weight:bold;}em{font-style:italic;}h1,h2,h3,h4,h5{font-weight:bold;}h2{color:#48482d;font-size:16px;margin-bottom:10px;}h3{margin-bottom:20px;}h4{margin-bottom:10px;}h5{margin-bottom:10px;}h6{text-transform:uppercase;font-size:11px;color:#666;letter-spacing:1px;margin-bottom:10px;}a:link,a:visited{color:#333;text-decoration:underline;}a:hover,a:focus{color:#111;}h2 a:link,h2 a:visited,h3 a:link,h3 a:visited,h4 a:link,h4 a:visited{text-decoration:none;}\n\n/* Tables */\n/* site_url explanation: https://docs.expressionengine.com/latest/templates/globals/single_variables.html#var_site_url */\n/* only site_url will be parsed, other variables will not be parsed unless you call the stylesheet using path= instead of stylesheet=:\n\nhttps://docs.expressionengine.com/latest/templates/globals/stylesheet.html */\n\ntable{background:url({site_url}themes/site_themes/agile_records/images/white_40.png);font-size:12px;}\ntr{border-bottom:1px dotted #999;}\ntr.alt{background:url({site_url}themes/site_themes/agile_records/images/white_20.png);}\nth,td{padding:10px;}\nth{background:url({site_url}themes/site_themes/agile_records/images/white_20.png);color:#666;font-weight:bold;font-size:13px;}\n.member_table{width:60%; margin:10px;}\n.member_console{width:100%;}\n\n/* Page Styles */\ndiv#branding{height:290px;background:url({site_url}themes/site_themes/agile_records/images/branding_bg.png) repeat-x center top;position:relative;z-index:2;}\ndiv#branding_sub{width:930px;margin:0 auto;position:relative;}\ndiv#page{width:950px;padding-top:50px;margin:0 auto;position:relative;top:0px;margin-top:-80px;z-index:1;background:url({site_url}themes/site_themes/agile_records/images/white_40.png);}\ndiv#content_wrapper{padding-top:30px;}\ndiv#feature{width:950px;background:url({site_url}themes/site_themes/agile_records/images/white_70.png);float:left;padding-top:30px;position:relative;bottom:30px;margin-bottom:-30px;}\n\ndiv.feature_end {background:transparent url({site_url}themes/site_themes/agile_records/images/agile_sprite.png) no-repeat scroll left -747px; border:none;outline:none;clear:both;height:35px;margin-top:-6px;margin-bottom:20px;width:950px;}\n\ndiv#legend{width:950px;background:url({site_url}themes/site_themes/agile_records/images/white_70.png);overflow:hidden;position:relative;top:30px;margin-top:-30px;padding:10px 0 30px 0;font-size:11px;}\nhr.legend_start{width:950px;clear:both;background:url({site_url}themes/site_themes/agile_records/images/white_70_top.png) no-repeat top left;height:35px;margin:0;margin-top:20px;border:none;}\ndiv#content_pri{width:610px;float:left;margin:0 30px 0 10px;}\ndiv#content_sec{width:270px;float:left;}\n\ninput.input { border:1px solid #aaa; position:relative; left:5px; background:url({site_url}themes/site_themes/agile_records/images/white_50.png);}\ninput.input:focus { background:url({site_url}themes/site_themes/agile_records/images/white_70.png); }\ntextarea { border:1px solid #aaa; background:url({site_url}themes/site_themes/agile_records/images/white_50.png); }\ntextarea:focus { background:url({site_url}themes/site_themes/agile_records/images/white_70.png); }\n\n\n\n\n/* Branding */\ndiv#branding_logo{background:url({site_url}themes/site_themes/agile_records/images/agile_sprite.png) no-repeat 9px -428px;margin:0 auto;position:relative;left:-80px;margin-bottom:-230px;height:230px;width:950px;}\ndiv#branding_logo img{display:none;}\ndiv#branding_sub h1 a {width:182px;height:196px;display:block;text-indent:-9999em;background:url({site_url}themes/site_themes/agile_records/images/agile_sprite.png) no-repeat -264px 15px;  padding-top:15px;}\ndiv#branding_sub form{position:absolute; right:130px;top:25px;width:240px;height:51px;background:url({site_url}themes/site_themes/agile_records/images/agile_sprite.png) no-repeat -534px -21px;}\ndiv#branding_sub form fieldset{position:relative;}\ndiv#branding_sub form label{text-indent:-9999em;margin-top:10px;width:60px;padding:5px;position:absolute;left:0px;display:inline;}\ndiv#branding_sub form input#search{background:none;border:none;position:absolute;top:13px;left:70px;width:100px;padding:2px 5px;font-size:11px;color:#fff;}\n\ndiv#branding_sub form input#submit{position:absolute;right:30px;top:6px; background:transparent url({site_url}themes/site_themes/agile_records/images/agile_sprite.png) no-repeat -587px -77px; width:24px; height:24px; display:block; font-size:1px; border:none; outline:none;}\n\ndiv#branding_sub div#member{position:absolute;right:0;top:20px;background:url({site_url}themes/site_themes/agile_records/images/brown_40.png);border:1px solid #846f65;color:#ccc;font-size:11px;padding:8px;}\ndiv#branding_sub div#member ul{margin:0;line-height:13px;list-style:disc;}\ndiv#branding_sub div#member h4{margin-bottom:4px;}\ndiv#branding_sub div#member a:link, div#branding_sub div#member a:visited{color:#ccc;}\ndiv#branding_sub div#member a:hover, div#branding_sub div#member a:focus{color:#fff;}\n\n/* Navigation */\nul#navigation_pri{list-style:none;margin:0 auto;padding:5px 15px;width:340px;max-height:100px;background:#2f261d;position:absolute;right:0;bottom:20px;}\nul#navigation_pri li{margin:0;float:left;font-size:16px;width:33%;}\nul#navigation_pri li a{font-family:\'Cooper Black\',miso,\'Georgia\',serif;font-weight:bold;color:#999999;text-decoration:none}\nul#navigation_pri li a:hover{color:#efefef;}\nul#navigation_pri li.cur a{color:#f47424}\n\n/* Footer */\ndiv#siteinfo{background:url({site_url}themes/site_themes/agile_records/images/agile_sprite.png) no-repeat left -287px;height:80px;padding-top:40px;position:relative;clear:both;font-size:12px;z-index:3;}\ndiv#siteinfo p{color:#5b5b42;font-weight:bold;margin:0 0 0 10px;}\ndiv#siteinfo p.logo{width:65px;height:70px;background:url({site_url}themes/site_themes/agile_records/images/agile_sprite.png); text-indent:-9999em;position:absolute;left:865px;bottom:15px;}\ndiv#siteinfo a {color:#5b5b42;text-decoration:underline;}\ndiv#siteinfo a:hover {color:#3B3A25;text-decoration:underline;}\ndiv#siteinfo p.logo a{display:block;}\n\n\n/* 11.PAGEHEADERS\n---------------------------------------------------------------------- */\n\ndiv#page_header { background:url({site_url}themes/site_themes/agile_records/images/agile_sprite.png) no-repeat left -205px; height:72px; z-index:3; position:relative; top:-25px; margin-bottom:-15px; }\n\ndiv#page_header h2 { float:left; font-family: \"Helvetica Neue\", Helvetica, Arial, sans-serif; font-weight: normal; text-transform:uppercase; color:#ebebeb; letter-spacing: -0.01em; }\ndiv#page_header h2 a { display:block; }\n\ndiv#page_header h2 { margin:0; width:400px; height:15px; padding-top:30px; margin-left:10px;}\n\ndiv#page_header ol#breadcrumbs { float:left; list-style:none; margin:0; margin-left:10px; margin-top:26px; padding:0px 0 0 20px; background:url({site_url}themes/site_themes/agile_records/images/breadcrumbs_bg.png) no-repeat left center; }\ndiv#page_header ol#breadcrumbs li { margin:0; float:left; font-weight:bold; color:#d6d6d6; text-transform:uppercase; font-size:12px; }\ndiv#page_header ol#breadcrumbs li a { color:#d6d6d6; text-decoration:none; }\n\n\n/*  Featured Band / Welcome\n-------------------------------- */\ndiv#featured_band {width:450px; float:left; position:relative; z-index:5; bottom:52px; margin-bottom:-52px;}\ndiv#welcome {width:450px; float:left; margin:0 30px 0 10px;}\ndiv#welcome img {float:left; margin:0 30px 10px 0;}\ndiv#featured_band h2 {margin-bottom:38px; width:135px; height:14px; font-family: \"Helvetica Neue\", Helvetica, Arial, sans-serif; font-weight: normal; text-transform:uppercase; color:#ebebeb; letter-spacing: -0.01em;}\n\ndiv#featured_band div.image { float:right; width:323px; height:243px; position:relative; left:50px; bottom:75px; margin: 0 0 -75px -50px; }\ndiv#featured_band div.image h4 { width:324px; height:243px; background:url({site_url}themes/site_themes/agile_records/images/featuredband_border.png) no-repeat top left; position:absolute; top:0; left:0; z-index:2; }\ndiv#featured_band div.image h4 span { position:absolute; top:177px; left:30px; background:url({site_url}themes/site_themes/agile_records/images/white_70.png); font-size:11px; padding:2px; padding-left:60px; }\ndiv#featured_band div.image img { position:absolute; top:20px; left:15px;}\n.green40 {background:transparent url({site_url}themes/site_themes/agile_records/images/green_40.png) repeat scroll 0 0; color:#EEEEEE; float:left; padding:10px;}\ndiv#feature p {margin-left:10px;}\n\n/* News\n---------------- */\nh3.oldernews {}\nul#news_listing { list-style:none; }\nul#news_listing li { margin:0 0 30px 0; overflow:hidden; }\nul#news_listing li img { float:left; margin:0 10px 10px 0;}\nul#news_listing li p { margin-bottom:10px; }\n\ndiv#news_archives { overflow:hidden; }\ndiv#news_archives div#categories_box {width:120px; float: left;}\ndiv#news_archives div#months_box {width:120px; float: right;}\ndiv#news_archives ul#categories { width:120px; float:left; margin-right:30px; }\ndiv#news_archives ul#months { width:120px; float:left; }\n\ndiv#news_calendar { padding:10px; background:url({site_url}themes/site_themes/agile_records/images/white_50.png); margin-bottom:40px; }\n\ndiv#news_calendar a:link,\ndiv#news_calendar a:visited { color:#666; }\ndiv#news_calendar a:hover,\ndiv#news_calendar a:focus { color:#333; }\n\ndiv#news_calendar h6 { position:relative; text-align:center; text-transform:uppercase; color:#666; padding:0 0 10px 0; }\ndiv#news_calendar h6 a.prev { position:absolute; left:0; top:-3px; font-size:16px; }\ndiv#news_calendar h6 a.next { position:absolute; right:0; top:-3px; font-size:16px; }\n\ndiv#news_calendar table { background:none; font-size:11px; width:250px; color:#666; }\ndiv#news_calendar table th { background:url({site_url}themes/site_themes/agile_records/images/green_50.png); color:#ccc; }\ndiv#news_calendar table th,\ndiv#news_calendar table td  { padding:5px 0; text-align:center; }\ndiv#news_calendar table tr { border:none; }\ndiv#news_calendar table td.unused { color:#999; }\ndiv#news_calendar table td.post { background:url({site_url}themes/site_themes/agile_records/images/white_20.png); }\ndiv#news_calendar table td.post:hover { background:url({site_url}themes/site_themes/agile_records/images/white_40.png); }\n\ndiv#news_rss { padding:10px; background:url({site_url}themes/site_themes/agile_records/images/white_50.png); color:#666; }\ndiv#news_rss ul { list-style:url({site_url}themes/site_themes/agile_records/images/bullet.jpg); margin:0; }\ndiv#news_rss a:link,\ndiv#news_rss a:visited { color:#666; }\ndiv#news_rss a:hover,\ndiv#news_rss a:focus { color:#333; }\n\n\n/* Staff Profiles */\ndiv#content_sec.staff_profiles {\nbackground:transparent url({site_url}themes/site_themes/agile_records/images/staff_bg.jpg) repeat scroll 0 0;float:right;margin-bottom:-110px;padding:10px;position:relative;top:-140px; right:10px; width:430px;}\n\n/* Comments */\ndiv#news_comments { border-top:#bfbebf 1px solid; padding-top:20px; }\n\ndiv#news_comments ol { list-style:none; border-top:1px dotted #ccc; margin-bottom:30px; }\ndiv#news_comments ol li { border-bottom:1px dotted #ccc; background:url({site_url}themes/site_themes/agile_records/images/white_70.png); padding:20px 10px 0 160px; font-size:12px; line-height:20px; }\ndiv#news_comments ol li.alt { background:url({site_url}themes/site_themes/agile_records/images/white_50.png); }\n\ndiv#news_comments ol li h5.commentdata { width:120px; float:left; position:relative; left:-150px; margin-right:-150px; font-size:13px; line-height:20px; }\ndiv#news_comments ol li h5.commentdata span { display:block; font-weight:normal; font-size:11px; }\ndiv#news_comments ol li h5.commentdata img { margin-top:10px; }\n\ndiv#news_comments h3.leavecomment {color:#47472C; font-family:\'Cooper Black\', miso, \'Georgia\', serif; font-size:20px;}\ndiv#news_comments form { position:relative; margin-bottom:30px; }\n\ndiv#news_comments fieldset#comment_fields label { display:block; overflow:hidden; font-size:12px; margin-bottom:20px; }\ndiv#news_comments fieldset#comment_fields label span { width:80px; float:left; position:relative; top:5px; }\ndiv#news_comments fieldset#comment_fields label input { border:1px solid #aaa; width:228px; float:left; background:url({site_url}themes/site_themes/agile_records/images/white_50.png); }\ndiv#news_comments fieldset#comment_fields label input:focus { background:url({site_url}themes/site_themes/agile_records/images/white_70.png); }\ndiv#news_comments fieldset#comment_fields label textarea { border:1px solid #aaa; float:left; height:150px; width:438px; background:url({site_url}themes/site_themes/agile_records/images/white_50.png); }\ndiv#news_comments fieldset#comment_fields label textarea:focus { background:url({site_url}themes/site_themes/agile_records/images/white_70.png); }\n\ndiv#news_comments div#comment_guidelines { width:418px; padding:10px; margin:10px 0 10px 80px; color:#fff; background:#9f9995; }\ndiv#news_comments div#comment_guidelines h6 { font-weight:normal; font-size:12px; margin-bottom:0; }\ndiv#news_comments div#comment_guidelines p { margin:10px 0 0 0 ; font-size:11px; line-height:16px; font-style:italic; }\n\ndiv#news_comments fieldset#comment_action { background:url({site_url}themes/site_themes/agile_records/images/orange_20.png); padding:10px; font-size:11px; position:relative; }\ndiv#news_comments fieldset#comment_action label { display:block; padding:5px 0; }\ndiv#news_comments fieldset#comment_action label input { position:relative; left:5px; }\ndiv#news_comments fieldset#comment_action input#submit_comment { position:absolute; bottom:10px; right:10px; font-size:12px; }\n\ndiv#captcha_box img {margin-left: 5px;}\n\ninput#captcha {display:block; margin: 5px 0 0 0; border:1px solid #aaa; width:228px; background:url({site_url}themes/site_themes/agile_records/images/white_50.png);}\ninput#captcha:focus {background:url({site_url}themes/site_themes/agile_records/images/white_70.png);}\n\n/* News Archive Page */\ndiv.archive ul#news_listing li img {float:right; margin:auto auto 10px 10px;}\ndiv.archive ul#news_listing li p {margin-bottom:10px; padding-left:0;}\n\n/* About */\ndiv#content_pri.about {width:450px;}\ndiv#feature.about p {color:#666666;font-weight:bold;margin-left:10px;width:450px;}\ndiv#feature h3.about {font-size:22px; font-family:\'Cooper Black\',miso,\'Georgia\',serif;font-weight:bold;color:#47472C;text-decoration:none; margin:10px 0 20px 10px; width:300px;}\n\n\ndiv#content_sec ul.staff_member li {float:left;height:180px;margin:0 35px 40px 0;overflow:hidden;position:relative;width:120px;}\n\ndiv#content_sec ul.staff_member { list-style:none; overflow:hidden; margin-bottom:-20px; }\ndiv#content_sec ul.staff_member li { width:120px; height:180px; overflow:hidden; position:relative; float:left; margin:0 35px 40px 0; }\ndiv#content_sec ul.staff_member li.end { margin-right:0; }\ndiv#content_sec ul.staff_member li h4 { font-size:12px; padding:5px 5px; background:#afafa8; position:absolute; bottom:0; left:0; z-index:3; color:#fff; width:110px; height:20px; cursor:pointer; }\ndiv#content_sec ul.staff_member li h4 a { position:absolute; right:5px; color:#eee; font-family:Georgia, \"Times New Roman\", Times, serif; font-style:italic; font-weight:bold; }\ndiv#content_sec ul.staff_member li div.profile { position:absolute; bottom:40px; left:0; background:url({site_url}themes/site_themes/agile_records/images/white_50.png); z-index:2; padding:5px; width:110px; }\ndiv#content_sec ul.staff_member li img { position:absolute; top:0; left:0; }\ndiv.profile {color:#000;}\n\n\n/* Contact */\ndiv#content_pri.contact { width:530px; margin-right:110px; }\ndiv#content_sec.contact {  width:270px; float:left; padding:10px; padding-bottom:0; background:url({site_url}themes/site_themes/agile_records/images/staff_bg.jpg); position:relative; top:-170px; margin-bottom:-140px; color:#eee; }\ndiv#feature.contact p {color:#666666;font-weight:bold;margin-left:10px;width:600px;}\n\n/*div#feature { padding-left:10px; padding-right:410px; width:530px; }*/\ndiv#feature h3.getintouch { width:140px; font-family:\'Cooper Black\',miso,\'Georgia\',serif;font-size:20px; color:#47472C;text-decoration:none; margin-left:10px;}\n\ndiv#content_pri form { position:relative; margin-bottom:30px; }\n\ndiv#content_pri fieldset#contact_fields label { display:block; overflow:hidden; font-size:12px; margin-bottom:20px; }\ndiv#content_pri fieldset#contact_fields label span { width:80px; float:left; position:relative; top:5px; }\ndiv#content_pri fieldset#contact_fields label input { border:1px solid #aaa; width:228px; float:left; background:url({site_url}themes/site_themes/agile_records/images/white_50.png); }\ndiv#content_pri fieldset#contact_fields label input:focus { background:url({site_url}themes/site_themes/agile_records/images/white_70.png); }\ndiv#content_pri fieldset#contact_fields label textarea { border:1px solid #aaa; float:left; height:150px; width:438px; background:url({site_url}themes/site_themes/agile_records/images/white_50.png); }\ndiv#content_pri fieldset#contact_fields label textarea:focus { background:url({site_url}themes/site_themes/agile_records/images/white_70.png); }\n\ndiv#content_pri div#contact_guidelines { position:absolute; top:0; right:0; width:170px; padding:10px; color:#fff; background:#9f9995; }\ndiv#content_pri div#contact_guidelines h6 { font-weight:normal; font-size:12px; margin-bottom:10px; }\ndiv#content_pri div#contact_guidelines p { margin:0; font-size:11px; line-height:16px; font-style:italic; }\n\ndiv#content_pri fieldset#contact_action { background:url({site_url}themes/site_themes/agile_records/images/orange_20.png); padding:10px; font-size:11px; position:relative; }\ndiv#content_pri fieldset#contact_action label { display:block; padding:5px 0; }\ndiv#content_pri fieldset#contact_action label input { position:relative; left:5px; }\ndiv#content_pri fieldset#contact_action input#contactSubmit { position:absolute; bottom:10px; right:10px; font-size:12px; }\n\n\n\n\n/*  Member Templates */\n/* 22.MEMBERS\n---------------------------------------------------------------------- */\n\n/* CONTROL PANEL */\ndiv#navigation_sec.member_cp { width:270px; padding:10px; float:left; background:url({site_url}themes/site_themes/agile_records/images/green_40.png); margin:35px 30px 30px 10px; font-size:11px; line-height:16px; }\n/*div#content_pri.member_cp  { width:610px; margin:0 0 0 10px; }*/\n\ndiv#page_header.member_cp  a.viewprofile { display:block; width:182px; height:22px; background:url({site_url}themes/site_themes/agile_records/images/member_viewprofile.jpg) no-repeat left top; text-indent:-9999em; position:absolute; right:10px; top:25px; }\n.member_cp div#page_header a.viewprofile:hover,\n.member_cp div#page_header a.viewprofile:focus { background-position:left bottom; }\n\ndiv#navigation_sec.member_cp h4 { color:#fff; border-bottom:1px solid #b1b1a9; font-size:12px; padding-bottom:5px; position:relative; }\ndiv#navigation_sec.member_cp h4 a.expand { position:absolute; right:0; top:0; display:block; height:14px; width:14px; background:url({site_url}themes/site_themes/agile_records/images/controlpanel_expand.jpg) no-repeat bottom left; text-indent:-9999em; }\ndiv#navigation_sec.member_cp h4 a.expand.open { background:url({site_url}themes/site_themes/agile_records/images/controlpanel_expand.jpg) no-repeat top left; }\ndiv#navigation_sec.member_cp a:link,\ndiv#navigation_sec.member_cp a:visited { color:#ddd; }\ndiv#navigation_sec.member_cp a:hover,\ndiv#navigation_sec.member_cp a:focus { color:#fff; }\n\ndiv#content_pri table { width:610px; background:none;}\ndiv#content_pri table th { background:none; }\ndiv#content_pri table tr { background:url({site_url}themes/site_themes/agile_records/images/white_60.png); }\ndiv#content_pri table tr.alt { background:url({site_url}themes/site_themes/agile_records/images/white_40.png); }\n\n/* PROFILE */\ndiv#content_pri.member_profile, div#content_pri.member_cp  { width:450px; float:left; margin:0 30px 30px 10px; }\ndiv#content_sec.member_profile, div#content_sec.member_cp  { width:450px; float:left; margin:0 0 30px 0; }\n\nh3.statistics {height:11px; font-family:\'Cooper Black\',miso,\'Georgia\',serif; color:#f47424; font-size:18px; }\nh3.personalinfo {height:11px; color:#47472C; font-family:\'Cooper Black\',miso,\'Georgia\',serif; font-size:18px;}\nh3.biography {height:11px; color:#47472C; font-family:\'Cooper Black\',miso,\'Georgia\',serif; font-size:18px; margin-top:20px;}\n\ndiv#memberprofile_main { background:url({site_url}themes/site_themes/agile_records/images/green_20.png); width:300px; padding:10px; margin:40px 0 0 10px; float:left; }\ndiv#memberprofile_main img { float:left; margin:0 10px 10px 0; }\ndiv#memberprofile_main h3 { margin:5px 0 10px 0; }\ndiv#memberprofile_main ul { clear:both; margin:0; padding:10px 0; font-size:12px; }\ndiv#memberprofile_main ul a { color:#666; }\n\ndiv#memberprofile_photo { float:left; width:250px; height:220px; background:url({site_url}themes/site_themes/agile_records/images/memberprofile_photo_bg.png) no-repeat center center; position:relative; left:-20px; }\ndiv#memberprofile_photo img { width:206px; height:176px; border:3px solid #6b5f57; position:absolute; top:20px; left:20px; }\n\ndiv#memberprofile_communicate { width:270px; padding:10px; margin:20px 10px 0 0; float:right; background:url({site_url}themes/site_themes/agile_records/images/green_40.png); }\ndiv#memberprofile_communicate h3.communicate { width:83px; height:12px; font-family:\"Helvetica Neue\",Helvetica,Arial,sans-serif; color:#EBEBEB; text-transform: uppercase; margin-bottom:10px; }\ndiv#memberprofile_communicate table { width:270px; font-size:10px; background:none; }\ndiv#memberprofile_communicate table tr { background:url({site_url}themes/site_themes/agile_records/images/white_40.png); }\ndiv#memberprofile_communicate table tr.alt { background:url({site_url}themes/site_themes/agile_records/images/white_20.png); }\ndiv#memberprofile_communicate table th { font-weight:normal; font-size:10px; background:none; padding:4px; }\ndiv#feature div#memberprofile_communicate table td { padding:4px; color:#444;}\n\ndiv#content_pri.member_cp table,\ndiv#content_sec.member_cp table { width:100%; background:none; margin-bottom:30px; }\ndiv#content_pri.member_cp table th,\ndiv#content_sec.member_cp table th { background:none; }\ndiv#content_pri.member_cp table tr,\ndiv#content_sec.member_cp table tr { background:url({site_url}themes/site_themes/agile_records/images/white_60.png); }\ndiv#content_pri.member_cp table tr.alt,\ndiv#content_sec.member_cp table tr.alt  { background:url({site_url}themes/site_themes/agile_records/images/white_40.png); }\n\n/* Private Messages: Move and Copy pop-up menu control */\n#movemenu {position: absolute !important; top: 410px !important; left: 390px !important; border: 0 !important;}\n#copymenu {position: absolute !important; top: 410px !important; left: 332px !important; border: 0 !important;}\n\n/* Search Results */\n.pagination ul { overflow: auto; }\n.pagination li { float: left; list-style: none; background: transparent url(http://expressionengine2/themes/site_themes/agile_records/images/green_40.png) repeat scroll 0 0; padding: 1px 7px; margin: 0 3px; }\n.pagination li.active { background: none; }\n.pagination li.active a { text-decoration: none; }',NULL,1437064288,1,'n',0,'','n','n','o',0,'n'),(10,1,3,'index','n','webpage','{if segment_2 != \'\'}\n  {redirect=\"404\"}\n{/if}\n{html_head}\n	<title>{site_name}</title>\n{global_stylesheets}\n{rss}\n{favicon}\n{html_head_end}\n	<body>\n	{nav_access}\n	{branding_begin}\n			{embed=\"global_embeds/_top_nav\" loc=\"home\"}\n			{global_top_search}\n			{global_top_member}\n	{branding_end}\n	{wrapper_begin}\n{embed=\"global_embeds/_page_header\" header=\"News\"}\n	<div id=\"feature\" class=\"news\">\n			{global_featured_welcome}\n			{global_featured_band}\n	    </div> <!-- ending #feature -->\n\n        	<div class=\"feature_end\"></div>\n\n	<div id=\"content_pri\"> <!-- This is where all primary content, left column gets entered -->\n		<!--  This is the channel entries tag.  Documentation for this parameter can be found at https://docs.expressionengine.com/latest/modules/channel/channel_entries.html\n				 Parameter Explanation:\n		channel= which channel to output, multiple channels may be piped in (channel_1|channel_2)\n		limit= limits the number of entries output in this instance of the tag\n		disable= turns off parsing of un-needed data -->\n\n		{exp:channel:entries channel=\"news\" limit=\"3\" disable=\"categories|member_data|category_fields|pagination\"}\n\n		<!-- if no_results is a conditional variable, it can not be combined with advanced conditionals.  https://docs.expressionengine.com/latest/modules/channel/conditional_variables.html#cond_if_no_results -->\n\n		{if no_results}<p>Sample No Results Information</p>{/if}\n		{if count == \"1\"}\n		<h3 class=\"recentnews\">Recent News</h3>\n		<ul id=\"news_listing\">\n		{/if}\n			<li>\n				<h4><a href=\"{comment_url_title_auto_path}\">{title}</a>  //  <!-- entry_date is a variable, and date formatting variables can be found at https://docs.expressionengine.com/latest/templates/date_variable_formatting.html -->{entry_date format=\"%F %d %Y\"}</h4>\n\n				<!-- the following two lines are custom channel fields. https://docs.expressionengine.com/latest/cp/admin/channel_administration/custom_channel_fields.html -->\n\n				{if news_image}\n					<img src=\"{news_image}\" alt=\"{title}\" />\n				{/if}\n				{news_body}\n				<p><a href=\"{comment_url_title_auto_path}#news_comments\">{comment_total} comments</a> {global_edit_this}\n								{if news_extended != \"\"}  |  <a href=\"{comment_url_title_auto_path}\">Read more</a>{/if}</p>\n\n			</li>\n		{if count == total_results}</ul>{/if}\n		{/exp:channel:entries}\n\n\n\n\n	</div>\n\n	<div id=\"content_sec\" class=\"right green40\">\n		<h3 class=\"oldernews\">Browse Older News</h3>\n		<div id=\"news_archives\">\n			<div id=\"categories_box\">\n			{news_categories}\n			</div>\n			<div id=\"month_box\">\n			{news_month_archives}\n			</div>\n		</div> <!-- ending #news_archives -->\n\n		{news_calendar}\n\n		{news_popular}\n\n	{rss_links}\n\n	</div>	<!-- ending #content_sec -->\n\n{global_footer}\n{wrapper_close}\n{js}\n{html_close}\n',NULL,1437064288,1,'n',0,'','n','n','o',1,'n'),(11,1,3,'archives','n','webpage','{html_head}\n	<title>{site_name}: News Archives</title>\n{global_stylesheets}\n{rss}\n{favicon}\n{html_head_end}\n	<body>\n	{nav_access}\n	{branding_begin}\n			{embed=\"global_embeds/_top_nav\" loc=\"home\"}\n			{global_top_search}\n			{global_top_member}\n	{branding_end}\n	{wrapper_begin}\n{embed=\"global_embeds/_page_header\" header=\"News\"}\n	<div id=\"feature\">\n			{global_featured_welcome}\n			{global_featured_band}\n	    </div> <!-- ending #feature -->\n\n        	<div class=\"feature_end\"></div>\n\n	<div id=\"content_pri\" class=\"archive\"> <!-- This is where all primary content, left column gets entered -->\n\n			<!--  This is the channel entries tag.  Documentation for this tag can be found at https://docs.expressionengine.com/latest/modules/weblog/parameters.html\n\n			channel= which channel to output, multiple channels may be piped in (channel_1|channel_2)\n			limit= limits the number of entries output in this instance of the tag\n			disable= turns off parsing of un-needed data\n			relaxed_categories= allows you use the category indicator in your URLs with an entries tag specifying multiple weblogs that do not share category groups.\n\n			-->\n\n		{exp:channel:entries channel=\"news\" limit=\"3\" disable=\"member_data|category_fields|pagination\" status=\"open|featured\" relaxed_categories=\"yes\"}\n\n		<!-- if no_results is a conditional variable, it can not be combined with advanced conditionals.  https://docs.expressionengine.com/latest/modules/channel/conditional_variables.html#cond_if_no_results -->\n\n		{if no_results}<p>No Results</p>{/if}\n		{if count == \"1\"}\n		<h3 class=\"recentnews\">Recent News</h3>\n		<ul id=\"news_listing\">\n		{/if}\n			<li>\n				<h4><a href=\"{comment_url_title_auto_path}\">{title}</a>  //  {!-- entry_date is a variable, and date formatting variables can be found at https://docs.expressionengine.com/latest/templates/date_variable_formatting.html --}{entry_date format=\"%F %d %Y\"}</h4>\n\n				<!-- the following two lines are custom channel fields. https://docs.expressionengine.com/latest/cp/admin/channel_administration/custom_channel_fields.html -->\n\n				{if news_image}\n					<img src=\"{news_image}\" alt=\"{title}\" />\n				{/if}\n				{news_body}\n				<p><a href=\"{comment_url_title_auto_path}#news_comments\">{comment_total} comments</a> {global_edit_this}\n								{if news_extended != \"\"}  |  <a href=\"{comment_url_title_auto_path}\">Read more</a>{/if}</p>\n\n			</li>\n		{if count == total_results}</ul>{/if}\n		{/exp:channel:entries}\n\n\n\n\n	</div>\n\n	<div id=\"content_sec\" class=\"right green40\">\n		<h3 class=\"oldernews\">Browse Older News</h3>\n		<div id=\"news_archives\">\n			<div id=\"categories_box\">\n			{news_categories}\n			</div>\n			<div id=\"month_box\">\n			{news_month_archives}\n			</div>\n		</div> <!-- ending #news_archives -->\n\n		{news_calendar}\n\n		{news_popular}\n\n	{rss_links}\n\n	</div>	<!-- ending #content_sec -->\n\n{global_footer}\n{wrapper_close}\n{js}\n{html_close}\n',NULL,1437064288,1,'n',0,'','n','n','o',0,'n'),(12,1,3,'atom','n','feed','{exp:rss:feed channel=\"news\"}\n\n<?xml version=\"1.0\" encoding=\"{encoding}\"?>\n<feed xmlns=\"http://www.w3.org/2005/Atom\" xml:lang=\"{channel_language}\">\n\n	<title type=\"text\">{exp:xml_encode}{channel_name}{/exp:xml_encode}</title>\n	<subtitle type=\"text\">{exp:xml_encode}{channel_name}:{channel_description}{/exp:xml_encode}</subtitle>\n	<link rel=\"alternate\" type=\"text/html\" href=\"{channel_url}\" />\n	<link rel=\"self\" type=\"application/atom+xml\" href=\"{path={atom_feed_location}}\" />\n	<updated>{gmt_edit_date format=\'%Y-%m-%dT%H:%i:%sZ\'}</updated>\n	<rights>Copyright (c) {gmt_date format=\"%Y\"}, {author}</rights>\n	<generator uri=\"https://expressionengine.com/\" version=\"{version}\">ExpressionEngine</generator>\n	<id>tag:{trimmed_url},{gmt_date format=\"%Y:%m:%d\"}</id>\n\n{exp:channel:entries channel=\"news\" limit=\"15\" dynamic_start=\"on\" disable=\"member_data\"}\n	<entry>\n	  <title>{exp:xml_encode}{title}{/exp:xml_encode}</title>\n	  <link rel=\"alternate\" type=\"text/html\" href=\"{comment_url_title_auto_path}\" />\n	  <id>tag:{trimmed_url},{gmt_entry_date format=\"%Y\"}:{relative_url}/{channel_id}.{entry_id}</id>\n	  <published>{gmt_entry_date format=\"%Y-%m-%dT%H:%i:%sZ\"}</published>\n	  <updated>{gmt_edit_date format=\'%Y-%m-%dT%H:%i:%sZ\'}</updated>\n	  <author>\n			<name>{author}</name>\n			<email>{email}</email>\n			{if url}<uri>{url}</uri>{/if}\n	  </author>\n{categories}\n	  <category term=\"{exp:xml_encode}{category_name}{/exp:xml_encode}\"\n		scheme=\"{path=news/index}\"\n		label=\"{exp:xml_encode}{category_name}{/exp:xml_encode}\" />{/categories}\n	  <content type=\"html\"><![CDATA[\n		{news_body} {news_extended}\n	  ]]></content>\n	</entry>\n{/exp:channel:entries}\n\n</feed>\n\n{/exp:rss:feed}						',NULL,1437064288,1,'n',0,'','n','n','o',0,'n'),(13,1,3,'comment_preview','n','webpage','{!-- Explanations and learning materials can be found in news/index and the other news template groups.  In-line comments here are only for features not introduced in news/index.\n	 NOTE:  This is an ExpressionEngine Comment and it will not appear in the rendered source.\n			https://docs.expressionengine.com/latest/templates/commenting.html\n--}\n{html_head}\n<!-- Below we use a channel entries tag to deliver a dynamic title element. -->\n	<title>{site_name}: Comment Preview for\n		{exp:channel:entries channel=\"news|about\" limit=\"1\" disable=\"categories|member_data|category_fields|pagination\"}{title}{/exp:channel:entries}</title>\n{global_stylesheets}\n{rss}\n{favicon}\n{html_head_end}\n	<body>\n{nav_access}\n	{branding_begin}\n			{embed=\"global_embeds/_top_nav\" loc=\"home\"}\n			{global_top_search}\n			{global_top_member}\n	{branding_end}\n	{wrapper_begin}\n{embed=\"global_embeds/_page_header\" header=\"News\"}\n	<div id=\"feature\">\n		{global_featured_welcome}\n		{global_featured_band}\n	    </div> <!-- ending #feature -->\n\n        	<div class=\"feature_end\"></div>\n\n	<div id=\"content_pri\"> <!-- This is where all primary content, left column gets entered -->\n		<!--  This is the channel entries tag.  Documentation for this parameter can be found at https://docs.expressionengine.com/latest/modules/channel/channel_entries.html\n				 Parameters are the items inside the opening exp:channel:entries tag that allow limiting, filtering, and sorting. They go in the format item=\"limiter\".  ie: channel=\"news\". Below are links to the parameters used in this particular instance of the channel entries tag.  These are documented here:\n\n				https://docs.expressionengine.com/latest/channels/weblog/parameters.html\n\n		channel= which channel to output, multiple channels may be piped in (channel_1|channel_2)\n		limit= limits the number of entries output in this instance of the tag\n		disable= turns off parsing of un-needed data\n		require_entry= forces ExpressionEngine to compare Segment 3 to existing URL titles.  If there is no match, then nothing is output.  Use this in combination with if no_results to force a redirect to 404. -->\n\n		{exp:channel:entries channel=\"news|about\" disable=\"categories|member_data|category_fields|pagination\" status=\"open|featured\"}\n		<!-- count is a single variable: https://docs.expressionengine.com/latest/modules/weblog/variables.html#var_count\n\n		In this case we\'ve combined the count single variable with a Conditional Global Variable:\n\n		https://docs.expressionengine.com/latest/templates/globals/conditionals.html\n\n		to create code that shows up only once, at the top of the list of outputted channel entries and only if there is 1 or more entries -->\n\n		{if count == \"1\"}\n		<h3 class=\"recentnews\">Recent News</h3>\n		<ul id=\"news_listing\">\n\n			<!-- Here we close the conditional after all of the conditional data is processed. -->\n\n		{/if}\n			<li>\n					<!-- comment_url_title_auto_path is a channel entries variable:\n\n					https://docs.expressionengine.com/latest/modules/channel/variables.html#var_comment_url_title_auto_path\n\n					This allows you to outpt a per-channel link to a single-entry page.  This can be used even if you are not using comments as a way to get a per-channel \"permalink\" page without writing your own conditional. -->\n\n				<h4><a href=\"{comment_url_title_auto_path}\">{title}</a>  //  <!-- entry_date is a variable, and date formatting variables can be found at https://docs.expressionengine.com/latest/templates/date_variable_formatting.html -->{entry_date format=\"%F %d %Y\"}</h4>\n\n				<!-- the following two lines are custom channel fields. https://docs.expressionengine.com/latest/cp/admin/channel_administration/custom_channel_fields.html -->\n\n				{if news_image}\n					<img src=\"{news_image}\" alt=\"{title}\" />\n				{/if}\n\n				<!-- Here we come a custom field variable with a global conditional to output the HTML only if he custom field is _not_ blank -->\n\n				{if about_image != \"\"}<img src=\"{about_image}\" alt=\"{title}\"  />{/if}\n				{news_body}\n				{about_body}\n				{news_extended}\n\n				<!-- Here we compare the channel short-name to a predefined word to output some information only if the entry occurs in a particular channel -->\n				{if channel_short_name == \"news\"}<p><a href=\"{comment_url_title_auto_path}#news_comments\">{comment_total} comments</a> <!-- edit_this is a Snippet: https://docs.expressionengine.com/latest/templates/globals/snippets.html --> {global_edit_this} </p> {/if}\n			</li>\n		<!-- Comparing two channel entries variables to output data only at the end of the list of outputted channel entries -->\n		{if count == total_results}</ul>{/if}\n		<!-- Closing the Channel Entries tag -->\n		{/exp:channel:entries}\n\n			<div id=\"news_comments\">\n			<!-- Comment Entries Tag outputs comments: https://docs.expressionengine.com/latest/ https://docs.expressionengine.com/latest/\n			Parameters found here: https://docs.expressionengine.com/latest/modules/comment/entries.html#parameters\n			sort= defines in what order to sort the comments\n			limit= how many comments to output\n			channel= what channels to show comments from\n			-->\n			{exp:comment:preview channel=\"news|about\"}\n			<h3>Comments</h3>\n			<ol>\n				<li>\n					<h5 class=\"commentdata\">\n						<!-- Comment Entries variable: https://docs.expressionengine.com/latest/modules/comment/entries.html#url_as_author\n						url_as_author outputs the URL if entered/in the member profile (if registered) or just the name if no URL-->\n						{url_as_author}\n						<!-- Comment date:\n						 https://docs.expressionengine.com/latest/modules/comment/entries.html#var_comment_date\n\n						Formatted with Date Variable Formatting:\n\n	https://docs.expressionengine.com/latest//templates/date_variable_formatting.html -->\n\n						<span>{comment_date format=\"%h:%i%a\"}, {comment_date format=\" %m/%d/%Y\"}</span>\n						<!-- Checks if the member has chosen an avatar and displays it if so\n\n	https://docs.expressionengine.com/latest/modules/comment/entries.html#conditionals\n						-->\n						{if avatar}\n							<img src=\"{avatar_url}\" width=\"{avatar_image_width}\" height=\"{avatar_image_height}\" alt=\"{author}\'s avatar\" />\n						{/if}\n					</h5>\n					{comment}\n\n                    <div style=\"clear: both;\"></div>\n				</li>\n			</ol>\n			{/exp:comment:preview}\n\n			<!-- Comment Submission Form:\n\n			https://docs.expressionengine.com/latest/ modules/comment/entries.html#submission_form\n\n			channel= parameter says which channel to submit this comment too.  This is very important to include if you use multiple channels that may have the same URL title.  It will stop the comment from being attached to the wrong entry.  channel= should always be included.\n			-->\n\n\n			{exp:comment:form channel=\"news\"}\n			<h3 class=\"leavecomment\">Leave a comment</h3>\n			<fieldset id=\"comment_fields\">\n			<!-- Show inputs only if the member is logged out.  If logged in, this information is pulled from the member\'s account details -->\n			{if logged_out}\n				<label for=\"name\">\n					<span>Name:</span>\n					<input type=\"text\" id=\"name\" name=\"name\" value=\"{name}\" size=\"50\" />\n				</label>\n				<label for=\"email\">\n					<span>Email:</span>\n					<input type=\"text\" id=\"email\" name=\"email\" value=\"{email}\" size=\"50\" />\n				</label>\n				<label for=\"location\">\n					<span>Location:</span>\n					 <input type=\"text\" id=\"location\" name=\"location\" value=\"{location}\" size=\"50\" />\n				</label>\n				<label for=\"url\">\n					<span>URL:</span>\n					<input type=\"text\" id=\"url\" name=\"url\" value=\"{url}\" size=\"50\" />\n				</label>\n			{/if}\n				<!-- comment_guidelines is a User Defined Global Variable: https://docs.expressionengine.com/latest/templates/globals/user_defined.html -->\n				{comment_guidelines}\n				<label for=\"comment\" class=\"comment\">\n					<span>Comment:</span>\n					<textarea id=\"comment\" name=\"comment\" rows=\"10\" cols=\"70\">{comment}</textarea>\n				</label>\n			</fieldset>\n\n				<fieldset id=\"comment_action\">\n				{if logged_out}\n				<label for=\"save_info\">Remember my personal info? <input type=\"checkbox\" name=\"save_info\" value=\"yes\" {save_info} /> </label>\n				{/if}\n				<label for=\"notify_me\">Notify me of follow-up comments? <input type=\"checkbox\" id=\"notify_me\" name=\"notify_me\" value=\"yes\" {notify_me} /></label>\n\n				<!-- Insert CAPTCHA.  Will show for those that are not exempt from needing the CAPTCHA as set in the member group preferences\n\n				-->\n				{if captcha}\n				<div id=\"captcha_box\">\n					<span>{captcha}</span>\n				</div>\n					<label for=\"captcha\">Please enter the word you see in the image above:\n<input type=\"text\" id=\"captcha\" name=\"captcha\" value=\"{captcha_word}\" maxlength=\"20\" />\n					</label>\n				{/if}\n				<input type=\"submit\" name=\"preview\" value=\"Preview Comment\" />\n				<input type=\"submit\" name=\"submit\" value=\"Submit\" id=\"submit_comment\" />\n			</fieldset>\n			{/exp:comment:form}\n\n	</div> <!-- ending #news_comments -->\n	</div> <!-- ending #content_pri -->\n\n	<div id=\"content_sec\" class=\"right green40\">\n		<h3 class=\"oldernews\">Browse Older News</h3>\n		<div id=\"news_archives\">\n			<!-- The period before the template in this embed indicates a \"hidden template\".  Hidden templates can not be viewed directly but can only be viewed when embedded in another template: https://docs.expressionengine.com/latest/templates/hidden_templates.html -->\n			<div id=\"categories_box\">\n			{news_categories}\n			</div>\n			<div id=\"month_box\">\n			{news_month_archives}\n			</div>\n		</div> <!-- ending #news_archives -->\n\n		{news_calendar}\n\n		{news_popular}\n\n	{rss_links}\n\n	</div>	<!-- ending #content_sec -->\n\n{global_footer}\n{wrapper_close}\n{js}\n{html_close}\n',NULL,1437064288,1,'n',0,'','n','n','o',0,'n'),(14,1,3,'comments','n','webpage','{!-- Explanations and learning materials can be found in news/index and the other news template groups.  In-line comments here are only for features not introduced in news/index.\n	 NOTE:  This is an ExpressionEngine Comment and it will not appear in the rendered source.\n			https://docs.expressionengine.com/latest/templates/commenting.html\n--}\n{html_head}\n<!-- Below we use a channel entries tag to deliver a dynamic title element. -->\n	<title>{site_name}: Comments  on\n		{exp:channel:entries channel=\"news|about\" limit=\"1\" disable=\"categories|member_data|category_fields|pagination\"}{title}{/exp:channel:entries}</title>\n{global_stylesheets}\n{rss}\n{favicon}\n{html_head_end}\n	<body>\n{nav_access}\n	{branding_begin}\n			{embed=\"global_embeds/_top_nav\" loc=\"home\"}\n			{global_top_search}\n			{global_top_member}\n	{branding_end}\n	{wrapper_begin}\n{embed=\"global_embeds/_page_header\" header=\"News\"}\n	<div id=\"feature\">\n			{global_featured_welcome}\n			{global_featured_band}\n	    </div> <!-- ending #feature -->\n\n        	<div class=\"feature_end\"></div>\n\n	<div id=\"content_pri\"> <!-- This is where all primary content, left column gets entered -->\n		<!--  This is the channel entries tag.  Documentation for this parameter can be found at https://docs.expressionengine.com/latest/modules/channel/channel_entries.html\n				 Parameters are the items inside the opening exp:channel:entries tag that allow limiting, filtering, and sorting. They go in the format item=\"limiter\".  ie: channel=\"news\". Below are links to the parameters used in this particular instance of the channel entries tag.  These are documented here:\n\n				https://docs.expressionengine.com/latest/channels/weblog/parameters.html\n\n		channel= which channel to output, multiple channels may be piped in (channel_1|channel_2)\n		limit= limits the number of entries output in this instance of the tag\n		disable= turns off parsing of un-needed data\n		require_entry= forces ExpressionEngine to compare Segment 3 to existing URL titles.  If there is no match, then nothing is output.  Use this in combination with if no_results to force a redirect to 404. -->\n\n		{exp:channel:entries channel=\"news|about\" limit=\"3\" disable=\"categories|member_data|category_fields|pagination\" require_entry=\"yes\" status=\"open|featured\"}\n\n		<!-- if no_results is a conditional variable, it can not be combined with advanced conditionals.  https://docs.expressionengine.com/latest/modules/channel/conditional_variables.html#cond_if_no_results\n\n		This is used here in combination with the require_entry parameter to ensure correct delivery of information or redirect to a 404 -->\n\n		{if no_results}{redirect=\"404\"}{/if}\n		<!-- count is a single variable: https://docs.expressionengine.com/latest/modules/weblog/variables.html#var_count\n\n		In this case we\'ve combined the count single variable with a Conditional Global Variable:\n\n		https://docs.expressionengine.com/latest/templates/globals/conditionals.html\n\n		to create code that shows up only once, at the top of the list of outputted channel entries and only if there is 1 or more entries -->\n\n		{if count == \"1\"}\n		<h3 class=\"recentnews\">Recent News</h3>\n		<ul id=\"news_listing\">\n\n			<!-- Here we close the conditional after all of the conditional data is processed. -->\n\n		{/if}\n			<li>\n					<!-- comment_url_title_auto_path is a channel entries variable:\n\n					https://docs.expressionengine.com/latest/modules/channel/variables.html#var_comment_url_title_auto_path\n\n					This allows you to outpt a per-channel link to a single-entry page.  This can be used even if you are not using comments as a way to get a per-channel \"permalink\" page without writing your own conditional. -->\n\n				<h4><a href=\"{comment_url_title_auto_path}\">{title}</a>  //  <!-- entry_date is a variable, and date formatting variables can be found at https://docs.expressionengine.com/latest/templates/date_variable_formatting.html -->{entry_date format=\"%F %d %Y\"}</h4>\n\n				<!-- the following two lines are custom channel fields. https://docs.expressionengine.com/latest/cp/admin/channel_administration/custom_channel_fields.html -->\n\n				{if news_image}\n					<img src=\"{news_image}\" alt=\"{title}\" />\n				{/if}\n\n				<!-- Here we come a custom field variable with a global conditional to output the HTML only if he custom field is _not_ blank -->\n\n				{if about_image != \"\"}<img src=\"{about_image}\" alt=\"{title}\"  />{/if}\n				{news_body}\n				{about_body}\n				{news_extended}\n\n				<!-- Here we compare the channel short-name to a predefined word to output some information only if the entry occurs in a particular channel -->\n				{if channel_short_name == \"news\"}<p><a href=\"{comment_url_title_auto_path}#news_comments\">{comment_total} comments</a> <!-- edit_this is a Snippet: https://docs.expressionengine.com/latest/templates/globals/snippets.html --> {global_edit_this} </p> {/if}\n			</li>\n		<!-- Comparing two channel entries variables to output data only at the end of the list of outputted channel entries -->\n		{if count == total_results}</ul>{/if}\n		<!-- Closing the Channel Entries tag -->\n		{/exp:channel:entries}\n\n			<div id=\"news_comments\">\n			<!-- Comment Entries Tag outputs comments: https://docs.expressionengine.com/latest/ https://docs.expressionengine.com/latest/\n			Parameters found here: https://docs.expressionengine.com/latest/modules/comment/entries.html#parameters\n			sort= defines in what order to sort the comments\n			limit= how many comments to output\n			channel= what channels to show comments from\n			-->\n			{exp:comment:entries sort=\"asc\" limit=\"20\" channel=\"news\"}\n			{if count == \"1\"}\n			<h3>Comments</h3>\n			<ol>{/if}\n				<li>\n					<h5 class=\"commentdata\">\n						<!-- Comment Entries variable: https://docs.expressionengine.com/latest/modules/comment/entries.html#url_as_author\n						url_as_author outputs the URL if entered/in the member profile (if registered) or just the name if no URL-->\n						{url_as_author}\n						<!-- Comment date:\n						 https://docs.expressionengine.com/latest/modules/comment/entries.html#var_comment_date\n\n						Formatted with Date Variable Formatting:\n\n	https://docs.expressionengine.com/latest//templates/date_variable_formatting.html -->\n\n						<span>{comment_date format=\"%h:%i%a\"}, {comment_date format=\" %m/%d/%Y\"}</span>\n						<!-- Checks if the member has chosen an avatar and displays it if so\n\n	https://docs.expressionengine.com/latest/modules/comment/entries.html#conditionals\n						-->\n						{if avatar}\n							<img src=\"{avatar_url}\" width=\"{avatar_image_width}\" height=\"{avatar_image_height}\" alt=\"{author}\'s avatar\" />\n						{/if}\n					</h5>\n					{comment}\n\n                    <div style=\"clear: both;\"></div>\n				</li>\n			{if count == total_results}</ol>{/if}\n			{/exp:comment:entries}\n\n			<!-- Comment Submission Form:\n\n			https://docs.expressionengine.com/latest/ modules/comment/entries.html#submission_form\n\n			channel= parameter says which channel to submit this comment too.  This is very important to include if you use multiple channels that may have the same URL title.  It will stop the comment from being attached to the wrong entry.  channel= should always be included.\n\n			-->\n\n			{exp:comment:form channel=\"news\" preview=\"news/comment_preview\"}\n			<h3 class=\"leavecomment\">Leave a comment</h3>\n			<fieldset id=\"comment_fields\">\n			<!-- Show inputs only if the member is logged out.  If logged in, this information is pulled from the member\'s account details -->\n			{if logged_out}\n				<label for=\"name\">\n					<span>Name:</span>\n					<input type=\"text\" id=\"name\" name=\"name\" value=\"{name}\" size=\"50\" />\n				</label>\n				<label for=\"email\">\n					<span>Email:</span>\n					<input type=\"text\" id=\"email\" name=\"email\" value=\"{email}\" size=\"50\" />\n				</label>\n				<label for=\"location\">\n					<span>Location:</span>\n					 <input type=\"text\" id=\"location\" name=\"location\" value=\"{location}\" size=\"50\" />\n				</label>\n				<label for=\"url\">\n					<span>URL:</span>\n					<input type=\"text\" id=\"url\" name=\"url\" value=\"{url}\" size=\"50\" />\n				</label>\n			{/if}\n				<!-- comment_guidelines is a User Defined Global Variable: https://docs.expressionengine.com/latest/templates/globals/user_defined.html -->\n				{comment_guidelines}\n				<label for=\"comment\" class=\"comment\">\n					<span>Comment:</span>\n					<textarea id=\"comment\" name=\"comment\" rows=\"10\" cols=\"70\">{comment}</textarea>\n				</label>\n			</fieldset>\n\n				<fieldset id=\"comment_action\">\n				{if logged_out}\n				<label for=\"save_info\">Remember my personal info? <input type=\"checkbox\" name=\"save_info\" value=\"yes\" {save_info} /> </label>\n				{/if}\n				<label for=\"notify_me\">Notify me of follow-up comments? <input type=\"checkbox\" id=\"notify_me\" name=\"notify_me\" value=\"yes\" {notify_me} /></label>\n\n				<!-- Insert CAPTCHA.  Will show for those that are not exempt from needing the CAPTCHA as set in the member group preferences\n\n				-->\n				{if captcha}\n				<div id=\"captcha_box\">\n					<span>{captcha}</span>\n				</div>\n					<label for=\"captcha\">Please enter the word you see in the image above:\n<input type=\"text\" id=\"captcha\" name=\"captcha\" value=\"{captcha_word}\" maxlength=\"20\" />\n					</label>\n				{/if}\n				<input type=\"submit\" name=\"preview\" value=\"Preview Comment\" />\n				<input type=\"submit\" name=\"submit\" value=\"Submit\" id=\"submit_comment\" />\n			</fieldset>\n			{/exp:comment:form}\n\n	</div> <!-- ending #news_comments -->\n	</div> <!-- ending #content_pri -->\n\n	<div id=\"content_sec\" class=\"right green40\">\n		<h3 class=\"oldernews\">Browse Older News</h3>\n		<div id=\"news_archives\">\n			<!-- The period before the template in this embed indicates a \"hidden template\".  Hidden templates can not be viewed directly but can only be viewed when embedded in another template: https://docs.expressionengine.com/latest/templates/hidden_templates.html -->\n			<div id=\"categories_box\">\n			{news_categories}\n			</div>\n			<div id=\"month_box\">\n			{news_month_archives}\n			</div>\n		</div> <!-- ending #news_archives -->\n\n		{news_calendar}\n\n		{news_popular}\n\n	{rss_links}\n\n	</div>	<!-- ending #content_sec -->\n\n{global_footer}\n{wrapper_close}\n{js}\n{html_close}\n',NULL,1437064288,1,'n',0,'','n','n','o',0,'n'),(15,1,3,'rss','n','feed','{exp:rss:feed channel=\"news\"}\n\n<?xml version=\"1.0\" encoding=\"{encoding}\"?>\n<rss version=\"2.0\"\n	xmlns:dc=\"http://purl.org/dc/elements/1.1/\"\n	xmlns:sy=\"http://purl.org/rss/1.0/modules/syndication/\"\n	xmlns:admin=\"http://webns.net/mvcb/\"\n	xmlns:rdf=\"http://www.w3.org/1999/02/22-rdf-syntax-ns#\"\n	xmlns:content=\"http://purl.org/rss/1.0/modules/content/\">\n\n	<channel>\n	\n	<title>{exp:xml_encode}{channel_name}{/exp:xml_encode}</title>\n	<link>{channel_url}</link>\n	<description>{channel_description}</description>\n	<dc:language>{channel_language}</dc:language>\n	<dc:creator>{email}</dc:creator>\n	<dc:rights>Copyright {gmt_date format=\"%Y\"}</dc:rights>\n	<dc:date>{gmt_date format=\"%Y-%m-%dT%H:%i:%s%Q\"}</dc:date>\n	<admin:generatorAgent rdf:resource=\"https://expressionengine.com/\" />\n	\n{exp:channel:entries channel=\"news\" limit=\"10\" dynamic_start=\"on\" disable=\"member_data\"}\n	<item>\n	  <title>{exp:xml_encode}{title}{/exp:xml_encode}</title>\n	  <link>{comment_url_title_auto_path}</link>\n	  <guid>{comment_url_title_auto_path}#When:{gmt_entry_date format=\"%H:%i:%sZ\"}</guid>\n	  <description><![CDATA[{news_body}]]></description> \n	  <dc:subject>{exp:xml_encode}{categories backspace=\"1\"}{category_name}, {/categories}{/exp:xml_encode}</dc:subject>\n	  <dc:date>{gmt_entry_date format=\"%Y-%m-%dT%H:%i:%s%Q\"}</dc:date>\n	</item>\n{/exp:channel:entries}\n	\n	</channel>\n</rss>\n\n{/exp:rss:feed}						',NULL,1437064288,1,'n',0,'','n','n','o',0,'n'),(16,1,4,'index','n','webpage','<!DOCTYPE html PUBLIC \"-//W3C//DTD XHTML 1.0 Transitional//EN\"\n\"http://www.w3.org/TR/xhtml1/DTD/xhtml1-transitional.dtd\">\n<html xmlns=\"http://www.w3.org/1999/xhtml\" xml:lang=\"{lang}\" lang=\"{lang}\">\n\n<head>\n<title>{site_name}{lang:search}</title>\n\n<meta http-equiv=\"content-type\" content=\"text/html; charset={charset}\" />\n\n<link rel=\'stylesheet\' type=\'text/css\' media=\'all\' href=\'{stylesheet=search/search_css}\' />\n<style type=\'text/css\' media=\'screen\'>@import \"{stylesheet=search/search_css}\";</style>\n\n</head>\n<body>\n\n<div id=\'pageheader\'>\n<div class=\"heading\">{lang:search_engine}</div>\n</div>\n\n<div id=\"content\">\n\n<div class=\'breadcrumb\'>\n<span class=\"defaultBold\">&nbsp; <a href=\"{homepage}\">{site_name}</a>&nbsp;&#8250;&nbsp;&nbsp;{lang:search}</span>\n</div>\n\n<div class=\'outerBorder\'>\n<div class=\'tablePad\'>\n\n{exp:search:advanced_form result_page=\"search/results\" cat_style=\"nested\"}\n\n<table cellpadding=\'4\' cellspacing=\'6\' border=\'0\' width=\'100%\'>\n<tr>\n<td width=\"50%\">\n\n<fieldset class=\"fieldset\">\n<legend>{lang:search_by_keyword}</legend>\n\n<input type=\"text\" class=\"input\" maxlength=\"100\" size=\"40\" name=\"keywords\" style=\"width:100%;\" />\n\n<div class=\"default\">\n<select name=\"search_in\">\n<option value=\"titles\" selected=\"selected\">{lang:search_in_titles}</option>\n<option value=\"entries\">{lang:search_in_entries}</option>\n<option value=\"everywhere\" >{lang:search_everywhere}</option>\n</select>\n\n</div>\n\n<div class=\"default\">\n<select name=\"where\">\n<option value=\"exact\" selected=\"selected\">{lang:exact_phrase_match}</option>\n<option value=\"any\">{lang:search_any_words}</option>\n<option value=\"all\" >{lang:search_all_words}</option>\n<option value=\"word\" >{lang:search_exact_word}</option>\n</select>\n</div>\n\n</fieldset>\n\n<div class=\"default\"><br /></div>\n\n<table cellpadding=\'0\' cellspacing=\'0\' border=\'0\'>\n<tr>\n<td valign=\"top\">\n\n<div class=\"defaultBold\">{lang:channels}</div>\n\n<select id=\"channel_id\" name=\'channel_id[]\' class=\'multiselect\' size=\'12\' multiple=\'multiple\' onchange=\'changemenu(this.selectedIndex);\'>\n{channel_names}\n</select>\n\n</td>\n<td valign=\"top\" width=\"16\">&nbsp;</td>\n<td valign=\"top\">\n\n<div class=\"defaultBold\">{lang:categories}</div>\n\n<select name=\'cat_id[]\' size=\'12\'  class=\'multiselect\' multiple=\'multiple\'>\n<option value=\'all\' selected=\"selected\">{lang:any_category}</option>\n</select>\n\n</td>\n</tr>\n</table>\n\n\n\n</td><td width=\"50%\" valign=\"top\">\n\n\n<fieldset class=\"fieldset\">\n<legend>{lang:search_by_member_name}</legend>\n\n<input type=\"text\" class=\"input\" maxlength=\"100\" size=\"40\" name=\"member_name\" style=\"width:100%;\" />\n<div class=\"default\"><input type=\"checkbox\" class=\"checkbox\" name=\"exact_match\" value=\"y\"  /> {lang:exact_name_match}</div>\n\n</fieldset>\n\n<div class=\"default\"><br /></div>\n\n\n<fieldset class=\"fieldset\">\n<legend>{lang:search_entries_from}</legend>\n\n<select name=\"date\" style=\"width:150px\">\n<option value=\"0\" selected=\"selected\">{lang:any_date}</option>\n<option value=\"1\" >{lang:today_and}</option>\n<option value=\"7\" >{lang:this_week_and}</option>\n<option value=\"30\" >{lang:one_month_ago_and}</option>\n<option value=\"90\" >{lang:three_months_ago_and}</option>\n<option value=\"180\" >{lang:six_months_ago_and}</option>\n<option value=\"365\" >{lang:one_year_ago_and}</option>\n</select>\n\n<div class=\"default\">\n<input type=\'radio\' name=\'date_order\' value=\'newer\' class=\'radio\' checked=\"checked\" />&nbsp;{lang:newer}\n<input type=\'radio\' name=\'date_order\' value=\'older\' class=\'radio\' />&nbsp;{lang:older}\n</div>\n\n</fieldset>\n\n<div class=\"default\"><br /></div>\n\n<fieldset class=\"fieldset\">\n<legend>{lang:sort_results_by}</legend>\n\n<select name=\"orderby\">\n<option value=\"date\" >{lang:date}</option>\n<option value=\"title\" >{lang:title}</option>\n<option value=\"most_comments\" >{lang:most_comments}</option>\n<option value=\"recent_comment\" >{lang:recent_comment}</option>\n</select>\n\n<div class=\"default\">\n<input type=\'radio\' name=\'sort_order\' class=\"radio\" value=\'desc\' checked=\"checked\" /> {lang:descending}\n<input type=\'radio\' name=\'sort_order\' class=\"radio\" value=\'asc\' /> {lang:ascending}\n</div>\n</fieldset>\n\n</td>\n</tr>\n</table>\n\n\n<div class=\'searchSubmit\'>\n\n<input type=\'submit\' value=\'Search\' class=\'submit\' />\n\n</div>\n\n{/exp:search:advanced_form}\n\n<div class=\'copyright\'><a href=\"https://expressionengine.com/\">Powered by ExpressionEngine</a></div>\n\n\n</div>\n</div>\n</div>\n\n</body>\n</html>',NULL,1437064288,1,'n',0,'','n','n','o',0,'n'),(17,1,4,'no_results','n','webpage','{!-- Explanations and learning materials can be found in news/index and the other news template groups.  In-line comments here are only for features not introduced in news/index. --}\n{html_head}\n	<title>{site_name}: No Search Results</title>\n{global_stylesheets}\n{rss}\n{favicon}\n{html_head_end}\n	<body>\n{nav_access}\n	{branding_begin}\n			{embed=\"global_embeds/_top_nav\" loc=\"not_found\"}\n			{global_top_search}\n			{global_top_member}\n	{branding_end}\n	{wrapper_begin}\n{embed=\"global_embeds/_page_header\" header=\"Search Results\"}\n\n\n	<div id=\"content_pri\"> <!-- This is where all primary content, left column gets entered -->\n\n		<!-- No search results: https://docs.expressionengine.com/latest/modules/search/simple.html#par_no_result_page -->\n		<!-- This is delivered based on the no_result_page parameter of the search form  -->\n\n				<h3>Search Results</h3>\n\n				<!-- exp:search:keywords: https://docs.expressionengine.com/latest/modules/search/keywords.html -->\n				<!-- exp:search:keywords lets you echo out what search term was used -->\n					<p>Sorry, no results were found for \"<strong>{exp:search:keywords}</strong>\".  Please try again.</p>\n	</div>\n\n	<div id=\"content_sec\" class=\"right green40\">\n		<h3 class=\"oldernews\">Browse Older News</h3>\n		<div id=\"news_archives\">\n			<div id=\"categories_box\">\n			{news_categories}\n			</div>\n			<div id=\"month_box\">\n			{news_month_archives}\n			</div>\n		</div> <!-- ending #news_archives -->\n\n		{news_calendar}\n\n		{news_popular}\n\n	{rss_links}\n\n	</div>	<!-- ending #content_sec -->\n\n{global_footer}\n{wrapper_close}\n{js}\n{html_close}\n',NULL,1437064288,1,'n',0,'','n','n','o',0,'n'),(18,1,4,'results','n','webpage','{!-- Explanations and learning materials can be found in news/index and the other news template groups.  In-line comments here are only for features not introduced in news/index. --}\n{html_head}\n	<title>{site_name}: {exp:search:search_results}\n		{if count == \"1\"}\n			Search Results for \"{exp:search:keywords}\"\n		{/if}\n		{/exp:search:search_results}\n	</title>\n{global_stylesheets}\n{rss}\n{favicon}\n{html_head_end}\n	<body>\n{nav_access}\n	{branding_begin}\n		{embed=\"global_embeds/_top_nav\" loc=\"not_found\"}\n		{global_top_search}\n		{global_top_member}\n	{branding_end}\n	{wrapper_begin}\n	{embed=\"global_embeds/_page_header\" header=\"Search Results\"}\n\n	<div id=\"content_pri\"> <!-- This is where all primary content, left column gets entered -->\n\n		<!-- Search Results tag: https://docs.expressionengine.com/latest/modules/search/index.html#results -->\n\n		{exp:search:search_results}\n			{if count == \"1\"}\n				<!-- exp:search:keywords: https://docs.expressionengine.com/latest/modules/search/keywords.html -->\n				<!-- exp:search:keywords lets you echo out what search term was used -->\n\n				<h3>Search Results for \"<strong>{exp:search:keywords}</strong>\":</h3>\n				<ul id=\"news_listing\">\n			{/if}\n\n			<li>\n				<h4>\n					<a href=\"{comment_url_title_auto_path}\">{title}</a>  //\n					<!-- entry_date is a variable, and date formatting variables can be found at https://docs.expressionengine.com/latest/templates/date_variable_formatting.html -->\n					{entry_date format=\"%F %d %Y\"}\n				</h4>\n\n				<!-- news_body and news_image are  custom channel fields. https://docs.expressionengine.com/latest/cp/admin/channel_administration/custom_channel_fields.html -->\n				{if news_image}\n					<img src=\"{news_image}\" alt=\"{title}\" />\n				{/if}\n				{news_body}\n			</li>\n			{if count == total_results}</ul>{/if}\n\n			{paginate}\n				<div class=\"pagination\">\n					{pagination_links}\n						<ul>\n							{first_page}\n								<li><a href=\"{pagination_url}\" class=\"page-first\">First Page</a></li>\n							{/first_page}\n\n							{previous_page}\n								<li><a href=\"{pagination_url}\" class=\"page-previous\">Previous Page</a></li>\n							{/previous_page}\n\n							{page}\n								<li><a href=\"{pagination_url}\" class=\"page-{pagination_page_number} {if current_page}active{/if}\">{pagination_page_number}</a></li>\n							{/page}\n\n							{next_page}\n								<li><a href=\"{pagination_url}\" class=\"page-next\">Next Page</a></li>\n							{/next_page}\n\n							{last_page}\n								<li><a href=\"{pagination_url}\" class=\"page-last\">Last Page</a></li>\n							{/last_page}\n						</ul>\n					{/pagination_links}\n				</div> <!-- ending .pagination -->\n			{/paginate}\n		{/exp:search:search_results}\n	</div>\n\n	<div id=\"content_sec\" class=\"right green40\">\n		<h3 class=\"oldernews\">Browse Older News</h3>\n		<div id=\"news_archives\">\n			<div id=\"categories_box\">\n			{news_categories}\n			</div>\n			<div id=\"month_box\">\n			{news_month_archives}\n			</div>\n		</div> <!-- ending #news_archives -->\n\n		{news_calendar}\n\n		{news_popular}\n\n	{rss_links}\n\n	</div>	<!-- ending #content_sec -->\n\n{global_footer}\n{wrapper_close}\n{js}\n{html_close}\n',NULL,1437064288,1,'n',0,'','n','n','o',0,'n');
/*!40000 ALTER TABLE `exp_templates` ENABLE KEYS */;
UNLOCK TABLES;

--
-- Table structure for table `exp_throttle`
--

DROP TABLE IF EXISTS `exp_throttle`;
/*!40101 SET @saved_cs_client     = @@character_set_client */;
/*!40101 SET character_set_client = utf8 */;
CREATE TABLE `exp_throttle` (
  `throttle_id` int(10) unsigned NOT NULL AUTO_INCREMENT,
  `ip_address` varchar(45) NOT NULL DEFAULT '0',
  `last_activity` int(10) unsigned NOT NULL DEFAULT '0',
  `hits` int(10) unsigned NOT NULL,
  `locked_out` char(1) NOT NULL DEFAULT 'n',
  PRIMARY KEY (`throttle_id`),
  KEY `ip_address` (`ip_address`),
  KEY `last_activity` (`last_activity`)
) ENGINE=MyISAM DEFAULT CHARSET=utf8;
/*!40101 SET character_set_client = @saved_cs_client */;

--
-- Dumping data for table `exp_throttle`
--

LOCK TABLES `exp_throttle` WRITE;
/*!40000 ALTER TABLE `exp_throttle` DISABLE KEYS */;
/*!40000 ALTER TABLE `exp_throttle` ENABLE KEYS */;
UNLOCK TABLES;

--
-- Table structure for table `exp_upload_no_access`
--

DROP TABLE IF EXISTS `exp_upload_no_access`;
/*!40101 SET @saved_cs_client     = @@character_set_client */;
/*!40101 SET character_set_client = utf8 */;
CREATE TABLE `exp_upload_no_access` (
  `upload_id` int(6) unsigned NOT NULL,
  `upload_loc` varchar(3) NOT NULL,
  `member_group` smallint(4) unsigned NOT NULL,
  PRIMARY KEY (`upload_id`,`member_group`)
) ENGINE=MyISAM DEFAULT CHARSET=utf8;
/*!40101 SET character_set_client = @saved_cs_client */;

--
-- Dumping data for table `exp_upload_no_access`
--

LOCK TABLES `exp_upload_no_access` WRITE;
/*!40000 ALTER TABLE `exp_upload_no_access` DISABLE KEYS */;
/*!40000 ALTER TABLE `exp_upload_no_access` ENABLE KEYS */;
UNLOCK TABLES;

--
-- Table structure for table `exp_upload_prefs`
--

DROP TABLE IF EXISTS `exp_upload_prefs`;
/*!40101 SET @saved_cs_client     = @@character_set_client */;
/*!40101 SET character_set_client = utf8 */;
CREATE TABLE `exp_upload_prefs` (
  `id` int(4) unsigned NOT NULL AUTO_INCREMENT,
  `site_id` int(4) unsigned NOT NULL DEFAULT '1',
  `name` varchar(50) NOT NULL,
  `server_path` varchar(255) NOT NULL DEFAULT '',
  `url` varchar(100) NOT NULL,
  `allowed_types` varchar(3) NOT NULL DEFAULT 'img',
  `max_size` varchar(16) DEFAULT NULL,
  `max_height` varchar(6) DEFAULT NULL,
  `max_width` varchar(6) DEFAULT NULL,
  `properties` varchar(120) DEFAULT NULL,
  `pre_format` varchar(120) DEFAULT NULL,
  `post_format` varchar(120) DEFAULT NULL,
  `file_properties` varchar(120) DEFAULT NULL,
  `file_pre_format` varchar(120) DEFAULT NULL,
  `file_post_format` varchar(120) DEFAULT NULL,
  `cat_group` varchar(255) DEFAULT NULL,
  `batch_location` varchar(255) DEFAULT NULL,
  PRIMARY KEY (`id`),
  KEY `site_id` (`site_id`)
) ENGINE=MyISAM AUTO_INCREMENT=3 DEFAULT CHARSET=utf8;
/*!40101 SET character_set_client = @saved_cs_client */;

--
-- Dumping data for table `exp_upload_prefs`
--

LOCK TABLES `exp_upload_prefs` WRITE;
/*!40000 ALTER TABLE `exp_upload_prefs` DISABLE KEYS */;
INSERT INTO `exp_upload_prefs` VALUES (1,1,'Main Upload Directory','../images/uploads/','/images/uploads/','all','','','','style=\"border: 0;\" alt=\"image\"','','','','','',NULL,NULL),(2,1,'About','../images/about/','/images/about/','img','','','','','','','','','',NULL,NULL);
/*!40000 ALTER TABLE `exp_upload_prefs` ENABLE KEYS */;
UNLOCK TABLES;
/*!40103 SET TIME_ZONE=@OLD_TIME_ZONE */;

/*!40101 SET SQL_MODE=@OLD_SQL_MODE */;
/*!40014 SET FOREIGN_KEY_CHECKS=@OLD_FOREIGN_KEY_CHECKS */;
/*!40014 SET UNIQUE_CHECKS=@OLD_UNIQUE_CHECKS */;
/*!40101 SET CHARACTER_SET_CLIENT=@OLD_CHARACTER_SET_CLIENT */;
/*!40101 SET CHARACTER_SET_RESULTS=@OLD_CHARACTER_SET_RESULTS */;
/*!40101 SET COLLATION_CONNECTION=@OLD_COLLATION_CONNECTION */;
/*!40111 SET SQL_NOTES=@OLD_SQL_NOTES */;

-- Dump completed on 2015-08-06 12:55:33
